,Unnamed: 0.1,Unnamed: 0,Time,Index,Battery,Mag_X[uT],Mag_Y[uT],Mag_Z[uT],Acc_X[G],Acc_Y[G],Acc_Z[G],UV INDEX,AmbientLight[Lx],Humidity[%RH],Temperature[degC],Pressure[hPa],timestamp,activity
0,79,79,2023/06/19 18:19:56.684,132,2.82,60.2,10.6,-18.1,-0.094,0.986,0.014,0.1,35.8,64.14,23.24,992.37,1687166396,other
1,80,80,2023/06/19 18:19:57.674,133,2.82,59.4,10.6,-18.8,-0.094,0.986,0.013,0.1,37.1,64.19,23.22,992.4,1687166397,other
2,81,81,2023/06/19 18:19:58.664,134,2.82,59.1,9.4,-18.8,-0.094,0.986,0.014,0.1,34.6,64.15,23.2,992.35,1687166398,other
3,82,82,2023/06/19 18:19:59.654,135,2.82,59.8,11.3,-19.2,-0.095,0.985,0.014,0.3,35.1,64.16,23.22,992.35,1687166399,other
4,83,83,2023/06/19 18:20:00.644,136,2.82,62.0,10.2,-18.8,-0.094,0.985,0.013,0.0,37.5,64.14,23.2,992.37,1687166400,other
5,84,84,2023/06/19 18:20:01.634,137,2.82,59.1,11.6,-22.6,-0.094,0.986,0.014,0.2,35.5,64.21,23.24,992.4,1687166401,other
6,85,85,2023/06/19 18:20:02.624,138,2.82,60.9,10.2,-17.3,-0.097,0.985,0.013,0.2,35.8,64.15,23.24,992.4,1687166402,other
7,86,86,2023/06/19 18:20:03.614,139,2.82,60.9,8.0,-21.8,-0.094,0.986,0.013,0.1,13.8,64.16,23.24,992.48,1687166403,other
8,87,87,2023/06/19 18:20:04.604,140,2.82,59.1,9.4,-21.4,-0.094,0.986,0.013,0.3,31.5,64.17,23.26,992.37,1687166404,other
9,88,88,2023/06/19 18:20:05.594,141,2.82,60.6,11.3,-18.8,-0.095,0.986,0.014,0.7,31.2,64.1,23.2,992.37,1687166405,other
10,89,89,2023/06/19 18:20:06.584,142,2.82,58.4,10.9,-21.1,-0.095,0.986,0.013,0.2,32.3,64.17,23.24,992.48,1687166406,other
11,90,90,2023/06/19 18:20:07.574,143,2.82,59.4,11.3,-19.2,-0.094,0.986,0.014,0.4,35.1,64.12,23.24,992.4,1687166407,other
12,91,91,2023/06/19 18:20:08.564,144,2.82,59.4,9.8,-19.6,-0.094,0.986,0.013,0.5,28.6,64.17,23.26,992.4,1687166408,other
13,92,92,2023/06/19 18:20:09.554,145,2.82,60.6,12.0,-18.4,-0.094,0.986,0.013,0.3,30.3,64.15,23.24,992.43,1687166409,other
14,93,93,2023/06/19 18:20:10.544,146,2.82,60.2,10.2,-16.2,-0.094,0.985,0.013,0.4,32.2,64.18,23.2,992.37,1687166410,cooking
15,94,94,2023/06/19 18:20:11.534,147,2.82,60.9,9.4,-19.9,-0.095,0.986,0.013,0.2,36.9,64.13,23.22,992.4,1687166411,cooking
16,95,95,2023/06/19 18:20:12.524,148,2.82,60.2,9.4,-18.1,-0.094,0.986,0.013,0.1,39.5,64.15,23.24,992.43,1687166412,cooking
17,96,96,2023/06/19 18:20:13.514,149,2.82,60.2,8.4,-21.1,-0.094,0.986,0.014,0.5,35.8,64.18,23.22,992.4,1687166413,cooking
18,97,97,2023/06/19 18:20:14.504,150,2.82,60.2,11.3,-19.9,-0.095,0.986,0.014,0.4,19.2,64.18,23.22,992.32,1687166414,cooking
19,98,98,2023/06/19 18:20:15.494,151,2.82,60.2,11.3,-21.4,-0.095,0.986,0.014,0.2,13.2,64.18,23.24,992.32,1687166415,cooking
20,99,99,2023/06/19 18:20:16.484,152,2.82,59.1,9.4,-16.6,-0.094,0.985,0.014,0.1,13.7,64.19,23.22,992.43,1687166416,cooking
21,100,100,2023/06/19 18:20:17.474,153,2.82,60.6,10.6,-21.1,-0.095,0.986,0.013,0.3,14.7,64.18,23.24,992.4,1687166417,cooking
22,101,101,2023/06/19 18:20:18.474,154,2.82,60.2,10.9,-21.1,-0.095,0.987,0.013,0.2,15.3,64.13,23.26,992.4,1687166418,cooking
23,102,102,2023/06/19 18:20:19.474,155,2.82,60.2,11.3,-16.9,-0.095,0.985,0.013,0.2,32.6,64.1,23.26,992.43,1687166419,cooking
24,103,103,2023/06/19 18:20:20.474,156,2.82,60.6,9.4,-19.6,-0.095,0.986,0.013,0.4,33.1,64.16,23.29,992.38,1687166420,cooking
25,104,104,2023/06/19 18:20:21.474,157,2.82,59.4,9.8,-18.4,-0.095,0.987,0.014,0.4,33.1,64.13,23.24,992.35,1687166421,cooking
26,105,105,2023/06/19 18:20:22.474,158,2.82,60.9,10.2,-17.7,-0.095,0.986,0.013,0.5,33.7,64.17,23.24,992.38,1687166422,cooking
27,106,106,2023/06/19 18:20:23.474,159,2.82,60.9,10.6,-19.2,-0.095,0.986,0.013,0.5,33.5,64.14,23.26,992.4,1687166423,cooking
28,107,107,2023/06/19 18:20:24.474,160,2.82,60.2,10.9,-19.9,-0.095,0.986,0.013,0.0,37.1,64.16,23.22,992.43,1687166424,cooking
29,108,108,2023/06/19 18:20:25.474,161,2.82,62.0,10.9,-16.9,-0.094,0.986,0.013,0.0,34.3,64.21,23.24,992.4,1687166425,cooking
30,109,109,2023/06/19 18:20:26.474,162,2.82,59.4,10.9,-17.3,-0.094,0.985,0.013,0.1,34.2,64.16,23.26,992.32,1687166426,cooking
31,110,110,2023/06/19 18:20:27.474,163,2.82,59.8,10.6,-16.2,-0.094,0.986,0.012,0.4,36.4,64.14,23.27,992.38,1687166427,cooking
32,111,111,2023/06/19 18:20:28.474,164,2.82,59.4,11.3,-17.7,-0.094,0.986,0.013,0.3,37.0,64.14,23.22,992.32,1687166428,cooking
33,112,112,2023/06/19 18:20:29.474,165,2.82,60.9,11.3,-18.4,-0.095,0.986,0.013,0.1,37.2,64.15,23.26,992.32,1687166429,cooking
34,113,113,2023/06/19 18:20:30.474,166,2.82,59.8,10.9,-18.8,-0.094,0.986,0.013,0.7,35.6,64.15,23.27,992.35,1687166430,cooking
35,114,114,2023/06/19 18:20:31.474,167,2.82,60.9,9.1,-17.7,-0.095,0.985,0.014,0.1,35.5,64.22,23.26,992.38,1687166431,cooking
36,115,115,2023/06/19 18:20:32.474,168,2.82,60.2,11.6,-21.4,-0.094,0.985,0.012,0.2,34.7,64.21,23.29,992.38,1687166432,cooking
37,116,116,2023/06/19 18:20:33.474,169,2.82,59.4,10.6,-19.6,-0.095,0.986,0.013,0.4,34.3,64.2,23.27,992.4,1687166433,cooking
38,117,117,2023/06/19 18:20:34.474,170,2.82,59.5,10.6,-16.9,-0.095,0.986,0.013,0.0,32.4,64.13,23.27,992.38,1687166434,cooking
39,118,118,2023/06/19 18:20:35.474,171,2.82,60.2,9.8,-16.6,-0.095,0.986,0.014,0.1,35.2,64.23,23.26,992.38,1687166435,cooking
40,119,119,2023/06/19 18:20:36.474,172,2.82,60.9,10.6,-16.9,-0.094,0.986,0.013,0.6,39.1,64.12,23.22,992.38,1687166436,cooking
41,120,120,2023/06/19 18:20:37.474,173,2.82,59.1,10.6,-16.6,-0.094,0.986,0.013,0.6,38.0,64.16,23.26,992.38,1687166437,cooking
42,121,121,2023/06/19 18:20:38.474,174,2.82,60.6,11.6,-19.2,-0.094,0.986,0.013,0.6,37.2,64.21,23.24,992.4,1687166438,cooking
43,122,122,2023/06/19 18:20:39.474,175,2.82,59.8,10.2,-18.4,-0.095,0.986,0.013,0.1,34.0,64.15,23.27,992.38,1687166439,cooking
44,123,123,2023/06/19 18:20:40.474,176,2.82,60.6,10.9,-17.7,-0.094,0.986,0.014,0.0,34.7,64.19,23.24,992.35,1687166440,cooking
45,124,124,2023/06/19 18:20:41.474,177,2.82,59.1,11.6,-19.2,-0.094,0.986,0.013,0.2,36.0,64.16,23.27,992.32,1687166441,cooking
46,125,125,2023/06/19 18:20:42.474,178,2.82,59.4,11.6,-18.8,-0.095,0.986,0.013,0.3,36.5,64.19,23.26,992.35,1687166442,cooking
47,126,126,2023/06/19 18:20:43.474,179,2.82,60.6,10.6,-22.6,-0.094,0.987,0.013,0.4,35.7,64.18,23.27,992.38,1687166443,cooking
48,127,127,2023/06/19 18:20:44.474,180,2.82,60.6,10.2,-16.2,-0.094,0.986,0.014,0.1,34.0,64.17,23.29,992.4,1687166444,cooking
49,128,128,2023/06/19 18:20:45.474,181,2.82,59.1,10.2,-21.1,-0.095,0.986,0.014,0.1,31.4,64.12,23.26,992.32,1687166445,cooking
50,129,129,2023/06/19 18:20:46.474,182,2.82,59.4,9.1,-18.4,-0.095,0.986,0.013,0.2,33.8,64.19,23.27,992.43,1687166446,cooking
51,130,130,2023/06/19 18:20:47.474,183,2.82,60.2,12.0,-21.8,-0.094,0.986,0.013,0.2,34.2,64.2,23.29,992.35,1687166447,cooking
52,131,131,2023/06/19 18:20:48.474,184,2.82,59.8,8.0,-16.6,-0.094,0.987,0.014,0.1,35.1,64.15,23.29,992.38,1687166448,cooking
53,132,132,2023/06/19 18:20:49.474,185,2.82,59.4,10.2,-18.1,-0.094,0.986,0.013,0.0,35.3,64.16,23.26,992.35,1687166449,cooking
54,133,133,2023/06/19 18:20:50.474,186,2.82,59.8,11.3,-17.7,-0.094,0.986,0.013,0.1,34.3,64.22,23.29,992.38,1687166450,cooking
55,134,134,2023/06/19 18:20:51.474,187,2.82,60.9,10.2,-19.9,-0.095,0.986,0.013,0.4,33.8,64.18,23.27,992.4,1687166451,cooking
56,135,135,2023/06/19 18:20:52.474,188,2.82,60.6,10.2,-20.3,-0.094,0.985,0.013,0.3,35.1,64.2,23.29,992.35,1687166452,cooking
57,136,136,2023/06/19 18:20:53.474,189,2.82,59.5,10.9,-16.9,-0.094,0.986,0.014,0.2,34.3,64.24,23.29,992.43,1687166453,cooking
58,137,137,2023/06/19 18:20:54.474,190,2.82,60.2,11.6,-18.8,-0.095,0.985,0.014,0.1,37.8,64.16,23.26,992.43,1687166454,cooking
59,138,138,2023/06/19 18:20:55.474,191,2.82,59.5,10.2,-18.4,-0.094,0.986,0.014,0.1,35.2,64.11,23.27,992.46,1687166455,cooking
60,139,139,2023/06/19 18:20:56.474,192,2.82,59.1,11.3,-18.8,-0.095,0.986,0.014,0.4,33.0,64.14,23.26,992.43,1687166456,cooking
61,140,140,2023/06/19 18:20:57.474,193,2.82,60.9,9.4,-20.3,-0.095,0.986,0.013,0.2,34.9,64.2,23.26,992.32,1687166457,cooking
62,141,141,2023/06/19 18:20:58.474,194,2.82,59.5,10.6,-17.7,-0.095,0.986,0.014,0.7,33.6,64.17,23.27,992.43,1687166458,cooking
63,142,142,2023/06/19 18:20:59.474,195,2.82,59.8,9.8,-18.4,-0.095,0.987,0.014,0.1,36.0,64.12,23.29,992.43,1687166459,cooking
64,143,143,2023/06/19 18:21:00.474,196,2.82,60.9,10.6,-18.4,-0.095,0.985,0.013,0.2,36.0,64.21,23.26,992.43,1687166460,cooking
65,144,144,2023/06/19 18:21:01.474,197,2.82,60.2,10.6,-21.1,-0.095,0.985,0.013,0.1,36.9,64.19,23.29,992.38,1687166461,cooking
66,145,145,2023/06/19 18:21:02.474,198,2.82,60.2,11.3,-18.4,-0.094,0.986,0.013,0.2,34.4,64.18,23.29,992.46,1687166462,cooking
67,146,146,2023/06/19 18:21:03.474,199,2.82,60.2,11.3,-18.4,-0.095,0.986,0.014,0.4,36.4,64.15,23.27,992.32,1687166463,cooking
68,147,147,2023/06/19 18:21:04.474,200,2.82,61.3,10.2,-17.7,-0.095,0.986,0.013,0.1,34.4,64.15,23.27,992.4,1687166464,cooking
69,148,148,2023/06/19 18:21:05.474,201,2.82,60.9,11.3,-16.9,-0.095,0.987,0.014,0.1,39.3,64.15,23.24,992.38,1687166465,cooking
70,149,149,2023/06/19 18:21:06.474,202,2.82,59.8,8.4,-20.7,-0.094,0.986,0.013,0.1,37.6,64.2,23.27,992.4,1687166466,cooking
71,150,150,2023/06/19 18:21:07.474,203,2.82,59.8,9.8,-19.6,-0.095,0.985,0.013,0.2,33.1,64.21,23.26,992.4,1687166467,cooking
72,151,151,2023/06/19 18:21:08.474,204,2.82,59.4,10.2,-19.2,-0.094,0.988,-0.021,0.1,11.3,64.13,23.24,992.38,1687166468,cooking
73,152,152,2023/06/19 18:21:09.474,205,2.82,17.9,6.9,14.3,-0.089,0.989,-0.024,0.6,10.5,64.2,23.26,992.38,1687166469,cooking
74,153,153,2023/06/19 18:21:10.474,206,2.82,17.9,9.8,18.8,-0.091,0.985,0.019,0.0,11.4,64.19,23.29,992.4,1687166470,cooking
75,154,154,2023/06/19 18:21:11.474,207,2.82,14.2,8.8,10.5,0.061,0.982,0.281,0.1,7.7,64.16,23.29,992.46,1687166471,cooking
76,155,155,2023/06/19 18:21:12.474,208,2.82,55.1,9.4,-29.4,-0.092,0.985,0.013,0.2,15.9,64.1,23.27,992.4,1687166472,cooking
77,156,156,2023/06/19 18:21:13.474,209,2.82,63.5,10.6,-16.9,-0.092,0.987,0.016,0.2,15.6,64.05,23.26,992.46,1687166473,cooking
78,157,157,2023/06/19 18:21:14.474,210,2.82,62.8,8.4,-16.2,-0.091,0.986,0.017,0.1,32.5,64.06,23.22,992.4,1687166474,cooking
79,158,158,2023/06/19 18:21:15.474,211,2.82,60.9,10.9,-16.9,-0.091,0.986,0.018,0.1,33.2,64.03,23.26,992.43,1687166475,cooking
80,159,159,2023/06/19 18:21:16.474,212,2.82,63.1,11.6,-16.6,-0.091,0.986,0.017,0.0,29.8,64.06,23.22,992.4,1687166476,cooking
81,160,160,2023/06/19 18:21:17.474,213,2.82,62.0,9.8,-15.1,-0.092,0.985,0.016,0.2,36.3,64.0,23.26,992.38,1687166477,cooking
82,161,161,2023/06/19 18:21:18.474,214,2.82,63.9,10.2,-16.2,-0.092,0.986,0.016,0.0,36.6,63.97,23.24,992.38,1687166478,cooking
83,162,162,2023/06/19 18:21:19.474,215,2.82,64.6,10.6,-15.4,-0.092,0.985,0.015,0.2,32.7,63.95,23.26,992.4,1687166479,cooking
84,163,163,2023/06/19 18:21:20.474,216,2.82,60.9,9.8,-12.4,-0.093,0.985,0.015,0.6,36.5,63.91,23.26,992.4,1687166480,cooking
85,164,164,2023/06/19 18:21:21.474,217,2.82,62.0,10.9,-14.7,-0.093,0.986,0.015,0.1,36.7,63.91,23.26,992.43,1687166481,cooking
86,165,165,2023/06/19 18:21:22.474,218,2.82,63.1,9.1,-15.8,-0.093,0.987,0.016,0.3,36.2,63.9,23.22,992.38,1687166482,cooking
87,166,166,2023/06/19 18:21:23.474,219,2.82,63.1,9.8,-15.8,-0.093,0.986,0.016,0.2,35.8,63.86,23.26,992.43,1687166483,cooking
88,167,167,2023/06/19 18:21:24.474,220,2.82,62.8,10.9,-16.2,-0.093,0.986,0.016,0.6,34.4,63.81,23.24,992.46,1687166484,cooking
89,168,168,2023/06/19 18:21:25.474,221,2.82,61.3,10.9,-15.1,-0.094,0.985,0.015,0.2,36.3,63.82,23.24,992.46,1687166485,cooking
90,169,169,2023/06/19 18:21:26.474,222,2.82,62.4,9.8,-16.9,-0.093,0.986,0.014,0.2,33.2,63.87,23.24,992.43,1687166486,cooking
91,170,170,2023/06/19 18:21:27.474,223,2.82,63.1,9.4,-18.4,-0.093,0.986,0.015,0.1,34.6,63.82,23.24,992.38,1687166487,cooking
92,171,171,2023/06/19 18:21:28.474,224,2.82,63.1,10.6,-13.6,-0.093,0.986,0.015,0.2,33.0,63.85,23.24,992.4,1687166488,cooking
93,172,172,2023/06/19 18:21:29.474,225,2.82,63.1,10.9,-16.6,-0.094,0.985,0.014,0.2,33.1,63.78,23.26,992.38,1687166489,cooking
94,173,173,2023/06/19 18:21:30.474,226,2.82,62.4,9.8,-17.3,-0.093,0.985,0.013,0.7,34.2,63.76,23.27,992.4,1687166490,cooking
95,174,174,2023/06/19 18:21:31.474,227,2.82,61.3,10.6,-15.4,-0.093,0.986,0.015,0.5,38.6,63.78,23.29,992.38,1687166491,cooking
96,175,175,2023/06/19 18:21:32.474,228,2.82,61.7,9.8,-16.9,-0.094,0.986,0.014,0.3,35.1,63.74,23.24,992.4,1687166492,cooking
97,176,176,2023/06/19 18:21:33.474,229,2.82,63.9,10.2,-18.4,-0.094,0.986,0.014,0.3,37.5,63.75,23.27,992.4,1687166493,cooking
98,177,177,2023/06/19 18:21:34.474,230,2.82,62.8,11.6,-14.3,-0.094,0.987,0.015,0.2,32.2,63.8,23.26,992.38,1687166494,cooking
99,178,178,2023/06/19 18:21:35.474,231,2.82,63.1,10.9,-15.4,-0.094,0.985,0.014,0.2,36.4,63.75,23.24,992.35,1687166495,cooking
100,179,179,2023/06/19 18:21:36.474,232,2.82,61.3,11.6,-11.6,-0.094,0.985,0.014,0.2,35.5,63.75,23.27,992.38,1687166496,cooking
101,180,180,2023/06/19 18:21:37.474,233,2.82,61.7,10.9,-18.1,-0.094,0.986,0.014,0.4,34.2,63.79,23.26,992.4,1687166497,cooking
102,181,181,2023/06/19 18:21:38.474,234,2.82,63.5,10.2,-16.9,-0.093,0.986,0.014,0.1,35.4,63.72,23.26,992.38,1687166498,cooking
103,182,182,2023/06/19 18:21:39.474,235,2.82,62.8,9.8,-14.7,-0.094,0.986,0.015,0.1,35.2,63.69,23.27,992.4,1687166499,cooking
104,183,183,2023/06/19 18:21:40.474,236,2.82,64.9,12.0,-14.3,-0.093,0.985,0.013,0.1,33.2,63.81,23.27,992.43,1687166500,cooking
105,184,184,2023/06/19 18:21:41.474,237,2.82,62.4,9.4,-15.4,-0.093,0.986,0.014,0.2,34.6,63.71,23.31,992.4,1687166501,cooking
106,185,185,2023/06/19 18:21:42.474,238,2.82,62.8,10.9,-16.6,-0.094,0.986,0.014,0.4,36.1,63.78,23.31,992.4,1687166502,cooking
107,186,186,2023/06/19 18:21:43.474,239,2.82,61.7,8.4,-15.4,-0.094,0.985,0.014,0.2,33.9,63.76,23.29,992.35,1687166503,cooking
108,187,187,2023/06/19 18:21:44.474,240,2.82,63.1,9.4,-17.3,-0.093,0.986,0.014,0.0,36.2,63.66,23.29,992.35,1687166504,cooking
109,188,188,2023/06/19 18:21:45.474,241,2.82,62.0,10.2,-15.1,-0.094,0.986,0.014,0.1,37.1,63.73,23.31,992.48,1687166505,cooking
110,189,189,2023/06/19 18:21:46.474,242,2.82,63.1,9.8,-14.7,-0.094,0.986,0.013,0.0,35.6,63.83,23.27,992.43,1687166506,cooking
111,190,190,2023/06/19 18:21:47.474,243,2.82,61.7,10.6,-15.4,-0.094,0.986,0.014,0.6,36.2,63.76,23.29,992.43,1687166507,cooking
112,191,191,2023/06/19 18:21:48.474,244,2.82,64.9,8.4,-16.6,-0.093,0.986,0.014,0.1,31.4,63.75,23.29,992.46,1687166508,cooking
113,192,192,2023/06/19 18:21:49.474,245,2.82,63.5,10.6,-15.8,-0.094,0.986,0.014,0.8,35.0,63.78,23.31,992.38,1687166509,cooking
114,193,193,2023/06/19 18:21:50.474,246,2.82,61.7,10.2,-16.2,-0.094,0.986,0.014,0.0,33.2,63.76,23.29,992.41,1687166510,cooking
115,194,194,2023/06/19 18:21:51.474,247,2.82,61.7,9.8,-14.3,-0.094,0.985,0.014,0.1,38.0,63.73,23.27,992.41,1687166511,cooking
116,195,195,2023/06/19 18:21:52.474,248,2.82,61.7,10.2,-14.7,-0.094,0.986,0.014,0.3,39.1,63.73,23.24,992.43,1687166512,cooking
117,196,196,2023/06/19 18:21:53.474,249,2.82,62.4,10.6,-16.6,-0.094,0.985,0.014,0.3,37.2,63.73,23.27,992.38,1687166513,cooking
118,197,197,2023/06/19 18:21:54.474,250,2.82,62.0,11.3,-14.7,-0.094,0.986,0.014,0.2,38.3,63.75,23.29,992.4,1687166514,cooking
119,198,198,2023/06/19 18:21:55.474,251,2.82,62.4,9.4,-15.4,-0.094,0.986,0.014,0.0,33.3,63.76,23.26,992.35,1687166515,cooking
120,199,199,2023/06/19 18:21:56.474,252,2.82,60.9,10.6,-17.3,-0.094,0.986,0.013,0.3,37.6,63.7,23.27,992.32,1687166516,cooking
121,200,200,2023/06/19 18:21:57.474,253,2.82,62.0,9.8,-17.3,-0.094,0.986,0.014,0.0,36.9,63.77,23.29,992.38,1687166517,cooking
122,201,201,2023/06/19 18:21:58.474,254,2.82,64.2,11.6,-16.6,-0.093,0.986,0.014,0.2,37.0,63.72,23.27,992.38,1687166518,cooking
123,202,202,2023/06/19 18:21:59.474,255,2.82,63.5,9.4,-13.6,-0.094,0.986,0.013,0.4,37.6,63.73,23.29,992.41,1687166519,cooking
124,203,203,2023/06/19 18:22:00.474,0,2.82,62.4,10.9,-18.1,-0.094,0.985,0.013,0.0,36.0,63.78,23.29,992.38,1687166520,cooking
125,204,204,2023/06/19 18:22:01.474,1,2.82,62.0,10.2,-18.1,-0.093,0.986,0.014,0.2,37.5,63.8,23.31,992.32,1687166521,cooking
126,205,205,2023/06/19 18:22:02.474,2,2.82,60.9,9.4,-15.1,-0.094,0.986,0.013,0.1,38.4,63.73,23.27,992.43,1687166522,cooking
127,206,206,2023/06/19 18:22:03.474,3,2.82,61.7,9.8,-18.8,-0.094,0.985,0.014,0.4,35.2,63.75,23.29,992.43,1687166523,cooking
128,207,207,2023/06/19 18:22:04.474,4,2.82,63.9,10.2,-16.6,-0.094,0.985,0.014,0.4,36.0,63.75,23.29,992.4,1687166524,cooking
129,208,208,2023/06/19 18:22:05.474,5,2.82,61.7,10.9,-16.9,-0.094,0.986,0.014,0.0,37.5,63.76,23.29,992.43,1687166525,cooking
130,209,209,2023/06/19 18:22:06.474,6,2.82,62.8,9.8,-17.3,-0.093,0.986,0.014,0.1,35.5,63.73,23.31,992.4,1687166526,cooking
131,210,210,2023/06/19 18:22:07.474,7,2.82,62.4,10.2,-18.4,-0.094,0.985,0.014,0.2,34.4,63.73,23.26,992.41,1687166527,cooking
132,211,211,2023/06/19 18:22:08.474,8,2.82,62.4,11.6,-15.8,-0.094,0.985,0.015,0.1,38.2,63.75,23.27,992.32,1687166528,cooking
133,212,212,2023/06/19 18:22:09.474,9,2.82,63.1,10.6,-13.9,-0.093,0.985,0.013,0.2,34.1,63.71,23.31,992.41,1687166529,cooking
134,213,213,2023/06/19 18:22:10.474,10,2.82,63.9,9.8,-16.6,-0.095,0.985,0.014,0.1,34.8,63.71,23.29,992.43,1687166530,cooking
135,214,214,2023/06/19 18:22:11.474,11,2.82,64.2,9.4,-18.1,-0.093,0.985,0.014,0.0,33.7,63.75,23.31,992.35,1687166531,cooking
136,215,215,2023/06/19 18:22:12.474,12,2.82,63.9,9.1,-16.2,-0.094,0.986,0.014,0.2,37.2,63.77,23.29,992.38,1687166532,cooking
137,216,216,2023/06/19 18:22:13.474,13,2.82,63.5,10.2,-15.1,-0.094,0.985,0.014,0.5,32.9,63.74,23.29,992.41,1687166533,cooking
138,217,217,2023/06/19 18:22:14.474,14,2.82,62.4,9.8,-13.9,-0.094,0.986,0.014,0.2,36.0,63.7,23.27,992.38,1687166534,cooking
139,218,218,2023/06/19 18:22:15.474,15,2.82,63.1,10.2,-15.1,-0.094,0.986,0.013,0.2,35.5,63.75,23.29,992.43,1687166535,cooking
140,219,219,2023/06/19 18:22:16.474,16,2.82,62.8,10.2,-17.3,-0.094,0.985,0.014,0.2,36.9,63.74,23.29,992.35,1687166536,cooking
141,220,220,2023/06/19 18:22:17.474,17,2.82,61.7,9.8,-15.4,-0.093,0.986,0.014,0.0,33.7,63.75,23.27,992.41,1687166537,cooking
142,221,221,2023/06/19 18:22:18.474,18,2.82,62.4,8.8,-19.2,-0.094,0.986,0.015,0.5,33.1,63.73,23.26,992.43,1687166538,cooking
143,222,222,2023/06/19 18:22:19.474,19,2.82,64.2,9.8,-17.3,-0.093,0.985,0.013,0.1,33.7,63.75,23.26,992.43,1687166539,cooking
144,223,223,2023/06/19 18:22:20.474,20,2.82,64.2,9.1,-14.7,-0.094,0.985,0.014,0.0,39.2,63.77,23.31,992.4,1687166540,cooking
145,224,224,2023/06/19 18:22:21.474,21,2.82,62.4,11.6,-15.8,-0.093,0.986,0.013,0.2,38.8,63.75,23.29,992.41,1687166541,cooking
146,225,225,2023/06/19 18:22:22.474,22,2.82,62.8,9.1,-18.8,-0.094,0.986,0.014,0.2,35.1,63.74,23.29,992.43,1687166542,cooking
147,226,226,2023/06/19 18:22:23.474,23,2.82,61.7,11.3,-18.1,-0.094,0.985,0.014,0.2,38.0,63.73,23.29,992.32,1687166543,cooking
148,227,227,2023/06/19 18:22:24.474,24,2.82,61.7,10.2,-15.4,-0.094,0.986,0.014,0.1,36.0,63.8,23.29,992.41,1687166544,cooking
149,228,228,2023/06/19 18:22:25.474,25,2.82,63.5,10.6,-15.4,-0.094,0.986,0.014,0.8,34.5,63.72,23.29,992.41,1687166545,cooking
150,229,229,2023/06/19 18:22:26.474,26,2.82,63.5,9.1,-17.3,-0.093,0.986,0.014,0.2,34.8,63.73,23.29,992.43,1687166546,cooking
151,230,230,2023/06/19 18:22:27.474,27,2.82,61.7,10.6,-13.9,-0.094,0.985,0.013,0.2,36.0,63.77,23.29,992.38,1687166547,cooking
152,231,231,2023/06/19 18:22:28.474,28,2.82,62.8,9.1,-15.1,-0.094,0.985,0.014,0.0,34.8,63.75,23.31,992.38,1687166548,cooking
153,232,232,2023/06/19 18:22:29.474,29,2.82,63.5,10.9,-14.3,-0.094,0.985,0.014,0.1,35.5,63.8,23.29,992.46,1687166549,cooking
154,233,233,2023/06/19 18:22:30.474,30,2.82,63.9,11.3,-15.8,-0.095,0.986,0.014,0.2,36.1,63.74,23.29,992.43,1687166550,cooking
155,234,234,2023/06/19 18:22:31.474,31,2.82,63.1,8.4,-16.9,-0.094,0.986,0.014,0.1,35.3,63.74,23.35,992.4,1687166551,cooking
156,235,235,2023/06/19 18:22:32.474,32,2.82,61.7,10.2,-18.1,-0.094,0.986,0.014,0.2,37.5,63.79,23.29,992.43,1687166552,cooking
157,236,236,2023/06/19 18:22:33.474,33,2.82,61.3,10.6,-18.4,-0.094,0.986,0.014,0.2,34.8,63.82,23.33,992.43,1687166553,cooking
158,237,237,2023/06/19 18:22:34.474,34,2.82,63.5,10.6,-13.9,-0.093,0.985,0.014,0.1,37.6,63.8,23.31,992.48,1687166554,cooking
159,238,238,2023/06/19 18:22:35.474,35,2.82,62.0,9.8,-13.9,-0.094,0.987,0.013,0.0,34.4,63.79,23.31,992.49,1687166555,cooking
160,239,239,2023/06/19 18:22:36.474,36,2.82,62.8,9.1,-15.1,-0.093,0.987,0.014,0.2,36.1,63.84,23.26,992.43,1687166556,cooking
161,240,240,2023/06/19 18:22:37.474,37,2.82,63.1,9.8,-15.4,-0.093,0.986,0.014,0.0,36.4,63.75,23.29,992.43,1687166557,cooking
162,241,241,2023/06/19 18:22:38.474,38,2.82,63.5,9.4,-13.2,-0.095,0.986,0.013,0.4,38.8,63.8,23.26,992.51,1687166558,cooking
163,242,242,2023/06/19 18:22:39.474,39,2.82,63.1,10.9,-15.1,-0.094,0.986,0.014,0.0,37.1,63.77,23.33,992.46,1687166559,cooking
164,243,243,2023/06/19 18:22:40.474,40,2.82,62.8,9.1,-15.4,-0.094,0.986,0.014,0.5,36.5,63.83,23.29,992.43,1687166560,cooking
165,244,244,2023/06/19 18:22:41.474,41,2.82,64.9,9.1,-16.2,-0.094,0.985,0.013,0.4,38.3,63.73,23.31,992.54,1687166561,cooking
166,245,245,2023/06/19 18:22:42.474,42,2.82,64.2,10.6,-16.9,-0.094,0.985,0.014,0.2,36.1,63.75,23.29,992.43,1687166562,cooking
167,246,246,2023/06/19 18:22:43.474,43,2.82,60.2,9.4,-17.7,-0.094,0.987,0.014,0.1,36.5,63.76,23.27,992.38,1687166563,cooking
168,247,247,2023/06/19 18:22:44.474,44,2.82,60.9,10.6,-16.9,-0.093,0.985,0.014,0.1,35.7,63.81,23.31,992.43,1687166564,cooking
169,248,248,2023/06/19 18:22:45.474,45,2.82,60.6,9.4,-13.6,-0.094,0.986,0.013,0.1,35.7,63.75,23.31,992.38,1687166565,cooking
170,249,249,2023/06/19 18:22:46.474,46,2.82,61.3,10.2,-16.9,-0.093,0.986,0.013,0.0,38.7,63.77,23.29,992.46,1687166566,cooking
171,250,250,2023/06/19 18:22:47.474,47,2.82,63.1,10.2,-15.4,-0.094,0.985,0.014,0.0,39.1,63.79,23.29,992.46,1687166567,cooking
172,251,251,2023/06/19 18:22:48.474,48,2.82,60.9,9.4,-14.7,-0.094,0.986,0.014,0.1,37.2,63.8,23.26,992.43,1687166568,cooking
173,252,252,2023/06/19 18:22:49.474,49,2.82,63.1,12.0,-15.8,-0.094,0.987,0.014,0.8,37.8,63.79,23.31,992.43,1687166569,cooking
174,253,253,2023/06/19 18:22:50.474,50,2.82,61.7,10.9,-15.4,-0.095,0.986,0.014,0.1,35.2,63.8,23.27,992.43,1687166570,cooking
175,254,254,2023/06/19 18:22:51.474,51,2.82,62.8,11.3,-14.7,-0.094,0.986,0.013,0.1,35.2,63.8,23.29,992.43,1687166571,cooking
176,255,255,2023/06/19 18:22:52.474,52,2.82,62.4,9.8,-16.6,-0.094,0.986,0.014,0.2,35.0,63.78,23.29,992.41,1687166572,cooking
177,256,256,2023/06/19 18:22:53.474,53,2.82,61.3,9.4,-15.4,-0.094,0.986,0.014,0.2,33.0,63.8,23.31,992.49,1687166573,cooking
178,257,257,2023/06/19 18:22:54.474,54,2.82,61.7,9.8,-16.2,-0.094,0.986,0.013,0.1,38.2,63.82,23.27,992.49,1687166574,cooking
179,258,258,2023/06/19 18:22:55.474,55,2.82,61.3,10.2,-13.9,-0.094,0.986,0.013,0.4,35.5,63.8,23.29,992.41,1687166575,cooking
180,259,259,2023/06/19 18:22:56.474,56,2.82,60.9,9.8,-16.6,-0.094,0.985,0.014,0.4,36.6,63.84,23.31,992.49,1687166576,cooking
181,260,260,2023/06/19 18:22:57.474,57,2.82,61.3,9.8,-13.2,-0.094,0.986,0.013,0.1,37.6,63.82,23.27,992.46,1687166577,cooking
182,261,261,2023/06/19 18:22:58.474,58,2.82,61.3,9.8,-15.4,-0.094,0.985,0.013,0.2,35.0,63.84,23.31,992.43,1687166578,cooking
183,262,262,2023/06/19 18:22:59.474,59,2.82,64.2,11.3,-16.2,-0.094,0.986,0.014,0.1,36.3,63.84,23.31,992.51,1687166579,cooking
184,263,263,2023/06/19 18:23:00.474,60,2.82,63.1,10.2,-16.6,-0.094,0.986,0.013,0.6,35.0,63.85,23.35,992.43,1687166580,cooking
185,264,264,2023/06/19 18:23:01.474,61,2.82,62.4,9.8,-16.9,-0.094,0.986,0.014,0.2,35.3,63.87,23.31,992.41,1687166581,cooking
186,265,265,2023/06/19 18:23:02.474,62,2.82,62.4,8.4,-15.8,-0.093,0.987,0.014,0.2,33.7,63.83,23.29,992.46,1687166582,cooking
187,266,266,2023/06/19 18:23:03.474,63,2.82,64.6,10.6,-12.8,-0.094,0.986,0.013,0.4,32.0,63.8,23.31,992.51,1687166583,cooking
188,267,267,2023/06/19 18:23:04.474,64,2.82,65.3,9.8,-13.9,-0.094,0.986,0.014,0.5,36.5,63.82,23.29,992.46,1687166584,cooking
189,268,268,2023/06/19 18:23:05.474,65,2.82,62.0,10.2,-13.6,-0.094,0.985,0.012,0.4,33.0,63.81,23.31,992.43,1687166585,cooking
190,269,269,2023/06/19 18:23:06.474,66,2.82,62.8,10.2,-16.6,-0.094,0.986,0.013,0.1,38.4,63.86,23.29,992.46,1687166586,cooking
191,270,270,2023/06/19 18:23:07.474,67,2.82,62.8,10.6,-18.4,-0.094,0.986,0.014,0.0,33.6,63.85,23.29,992.49,1687166587,cooking
192,271,271,2023/06/19 18:23:08.474,68,2.82,61.7,12.0,-15.8,-0.094,0.986,0.013,0.1,35.8,63.9,23.33,992.46,1687166588,cooking
193,272,272,2023/06/19 18:23:09.474,69,2.82,62.8,9.4,-15.8,-0.094,0.986,0.014,0.2,32.8,63.89,23.31,992.41,1687166589,cooking
194,273,273,2023/06/19 18:23:10.474,70,2.82,62.0,10.9,-16.9,-0.094,0.986,0.013,0.1,37.8,63.89,23.36,992.41,1687166590,cooking
195,274,274,2023/06/19 18:23:11.474,71,2.82,62.0,10.2,-16.9,-0.095,0.986,0.014,0.1,36.5,63.83,23.29,992.43,1687166591,cooking
196,275,275,2023/06/19 18:23:12.474,72,2.82,63.1,11.6,-15.8,-0.094,0.986,0.013,0.1,31.8,63.85,23.36,992.46,1687166592,cooking
197,276,276,2023/06/19 18:23:13.474,73,2.82,63.1,10.6,-15.8,-0.094,0.986,0.014,0.0,32.7,63.85,23.33,992.49,1687166593,cooking
198,277,277,2023/06/19 18:23:14.474,74,2.82,62.0,9.1,-15.1,-0.094,0.986,0.014,0.2,36.3,63.9,23.36,992.46,1687166594,cooking
199,278,278,2023/06/19 18:23:15.474,75,2.82,62.0,10.2,-14.3,-0.093,0.986,0.014,0.2,36.5,63.88,23.33,992.46,1687166595,cooking
200,279,279,2023/06/19 18:23:16.474,76,2.82,60.6,8.0,-16.2,-0.094,0.986,0.014,0.5,32.9,63.89,23.33,992.41,1687166596,cooking
201,280,280,2023/06/19 18:23:17.474,77,2.82,62.0,9.4,-15.4,-0.095,0.986,0.013,0.0,37.2,63.9,23.33,992.46,1687166597,cooking
202,281,281,2023/06/19 18:23:18.474,78,2.82,61.7,9.4,-15.4,-0.094,0.985,0.013,0.1,35.4,63.85,23.33,992.49,1687166598,cooking
203,282,282,2023/06/19 18:23:19.474,79,2.82,62.4,10.6,-19.2,-0.095,0.986,0.013,0.2,34.6,63.87,23.31,992.41,1687166599,cooking
204,283,283,2023/06/19 18:23:20.474,80,2.82,61.7,9.4,-16.2,-0.093,0.986,0.014,0.1,35.5,63.88,23.31,992.43,1687166600,cooking
205,284,284,2023/06/19 18:23:21.474,81,2.82,62.0,12.8,-14.7,-0.094,0.986,0.013,0.1,36.5,63.9,23.33,992.41,1687166601,cooking
206,285,285,2023/06/19 18:23:22.474,82,2.82,62.4,10.6,-16.6,-0.094,0.986,0.014,0.1,36.1,63.88,23.31,992.43,1687166602,cooking
207,286,286,2023/06/19 18:23:23.474,83,2.82,62.8,9.4,-13.9,-0.094,0.986,0.014,0.8,35.5,63.88,23.36,992.46,1687166603,cooking
208,287,287,2023/06/19 18:23:24.474,84,2.82,63.1,9.4,-17.3,-0.093,0.985,0.013,0.2,34.6,63.91,23.33,992.32,1687166604,cooking
209,288,288,2023/06/19 18:23:25.474,85,2.82,62.4,10.9,-13.9,-0.094,0.986,0.013,0.3,35.9,63.9,23.33,992.46,1687166605,cooking
210,289,289,2023/06/19 18:23:26.474,86,2.82,62.4,9.8,-15.8,-0.094,0.986,0.013,0.2,33.5,63.85,23.33,992.38,1687166606,cooking
211,290,290,2023/06/19 18:23:27.474,87,2.82,60.9,10.9,-18.8,-0.095,0.987,0.014,0.3,36.3,63.9,23.36,992.46,1687166607,cooking
212,291,291,2023/06/19 18:23:28.474,88,2.82,61.3,10.2,-19.2,-0.094,0.985,0.013,0.1,31.7,63.9,23.35,992.43,1687166608,cooking
213,292,292,2023/06/19 18:23:29.474,89,2.82,61.3,9.8,-13.9,-0.093,0.986,0.013,0.0,32.5,63.9,23.33,992.49,1687166609,cooking
214,293,293,2023/06/19 18:23:30.474,90,2.82,61.3,10.6,-19.2,-0.094,0.986,0.014,0.2,32.4,63.91,23.36,992.49,1687166610,cooking
215,294,294,2023/06/19 18:23:31.474,91,2.82,62.4,10.2,-17.3,-0.094,0.986,0.013,0.2,31.3,63.9,23.33,992.41,1687166611,cooking
216,295,295,2023/06/19 18:23:32.474,92,2.82,62.4,10.6,-16.6,-0.094,0.987,0.014,0.0,32.2,63.92,23.33,992.43,1687166612,cooking
217,296,296,2023/06/19 18:23:33.474,93,2.82,62.8,9.8,-15.1,-0.094,0.986,0.014,0.0,34.5,63.85,23.35,992.51,1687166613,cooking
218,297,297,2023/06/19 18:23:34.474,94,2.82,64.2,9.8,-15.8,-0.094,0.985,0.013,0.1,37.9,63.9,23.31,992.43,1687166614,cooking
219,298,298,2023/06/19 18:23:35.474,95,2.82,62.0,10.9,-15.1,-0.094,0.986,0.014,0.2,32.1,63.91,23.35,992.49,1687166615,cooking
220,299,299,2023/06/19 18:23:36.474,96,2.82,62.8,10.2,-15.8,-0.094,0.986,0.014,0.4,33.5,63.91,23.35,992.49,1687166616,cooking
221,300,300,2023/06/19 18:23:37.474,97,2.82,62.4,10.6,-17.3,-0.095,0.985,0.013,0.1,40.1,63.9,23.33,992.49,1687166617,cooking
222,301,301,2023/06/19 18:23:38.474,98,2.82,63.5,9.1,-17.3,-0.094,0.985,0.014,0.6,37.4,63.88,23.31,992.41,1687166618,cooking
223,302,302,2023/06/19 18:23:39.474,99,2.82,62.8,9.4,-16.9,-0.094,0.986,0.014,0.1,34.2,63.88,23.35,992.46,1687166619,cooking
224,303,303,2023/06/19 18:23:40.474,100,2.82,63.1,9.8,-16.6,-0.095,0.986,0.014,0.7,30.9,63.94,23.35,992.43,1687166620,cooking
225,304,304,2023/06/19 18:23:41.474,101,2.82,63.1,10.2,-15.4,-0.094,0.986,0.013,0.2,36.5,63.93,23.33,992.49,1687166621,cooking
226,305,305,2023/06/19 18:23:42.474,102,2.82,62.8,11.3,-15.1,-0.095,0.986,0.014,0.1,39.2,63.93,23.35,992.51,1687166622,cooking
227,306,306,2023/06/19 18:23:43.474,103,2.82,63.9,9.8,-14.3,-0.094,0.986,0.014,0.2,35.5,63.93,23.31,992.49,1687166623,cooking
228,307,307,2023/06/19 18:23:44.474,104,2.82,64.6,8.8,-15.1,-0.094,0.986,0.015,0.2,36.9,63.89,23.31,992.49,1687166624,cooking
229,308,308,2023/06/19 18:23:45.474,105,2.82,61.3,10.2,-13.9,-0.094,0.985,0.013,0.3,34.3,63.9,23.35,992.49,1687166625,cooking
230,309,309,2023/06/19 18:23:46.474,106,2.82,62.4,11.6,-16.6,-0.095,0.985,0.014,0.4,19.0,63.98,23.33,992.49,1687166626,cooking
231,310,310,2023/06/19 18:23:47.474,107,2.82,64.6,10.6,-18.1,-0.094,0.985,0.013,0.0,15.5,63.93,23.36,992.54,1687166627,cooking
232,311,311,2023/06/19 18:23:48.474,108,2.82,62.8,9.8,-17.3,-0.094,0.986,0.014,0.1,13.4,63.88,23.33,992.46,1687166628,cooking
233,312,312,2023/06/19 18:23:49.474,109,2.82,63.9,9.4,-15.8,-0.095,0.986,0.014,0.0,15.2,63.87,23.31,992.51,1687166629,cooking
234,313,313,2023/06/19 18:23:50.474,110,2.82,62.0,11.6,-18.4,-0.095,0.985,0.014,0.1,16.5,63.95,23.33,992.54,1687166630,cooking
235,314,314,2023/06/19 18:23:51.474,111,2.82,64.6,9.8,-18.4,-0.094,0.986,0.014,0.1,19.1,63.92,23.35,992.49,1687166631,cooking
236,315,315,2023/06/19 18:23:52.474,112,2.82,63.1,10.9,-15.4,-0.094,0.986,0.014,0.4,14.9,63.89,23.33,992.51,1687166632,cooking
237,316,316,2023/06/19 18:23:53.474,113,2.82,62.8,10.9,-15.1,-0.094,0.985,0.014,0.1,34.4,63.86,23.35,992.52,1687166633,cooking
238,317,317,2023/06/19 18:23:54.474,114,2.82,63.5,9.1,-18.1,-0.094,0.986,0.013,0.1,32.6,63.97,23.35,992.52,1687166634,cooking
239,318,318,2023/06/19 18:23:55.474,115,2.82,62.0,12.0,-15.8,-0.095,0.986,0.013,0.3,34.4,63.91,23.33,992.49,1687166635,cooking
240,319,319,2023/06/19 18:23:56.474,116,2.82,62.8,10.6,-14.3,-0.094,0.985,0.013,0.1,38.8,63.94,23.35,992.49,1687166636,cooking
241,320,320,2023/06/19 18:23:57.474,117,2.82,63.9,11.3,-16.6,-0.094,0.986,0.013,0.4,37.2,63.93,23.35,992.49,1687166637,cooking
242,321,321,2023/06/19 18:23:58.474,118,2.82,60.9,9.8,-14.3,-0.095,0.986,0.013,0.2,32.7,63.96,23.35,992.52,1687166638,cooking
243,322,322,2023/06/19 18:23:59.474,119,2.82,62.4,10.2,-17.3,-0.094,0.986,0.013,0.0,32.7,63.92,23.35,992.54,1687166639,cooking
244,323,323,2023/06/19 18:24:00.474,120,2.82,61.7,11.3,-15.1,-0.094,0.986,0.013,0.1,35.2,63.97,23.36,992.52,1687166640,cooking
245,324,324,2023/06/19 18:24:01.474,121,2.82,63.1,12.0,-15.1,-0.095,0.985,0.013,0.0,33.2,63.98,23.36,992.54,1687166641,cooking
246,325,325,2023/06/19 18:24:02.474,122,2.82,62.4,10.6,-18.4,-0.095,0.986,0.013,0.2,32.5,64.01,23.36,992.54,1687166642,cooking
247,326,326,2023/06/19 18:24:03.474,123,2.82,62.8,10.9,-19.6,-0.094,0.986,0.014,0.1,34.4,63.98,23.35,992.46,1687166643,cooking
248,327,327,2023/06/19 18:24:04.474,124,2.82,63.5,10.6,-17.7,-0.094,0.985,0.012,0.2,33.9,63.96,23.38,992.43,1687166644,cooking
249,328,328,2023/06/19 18:24:05.474,125,2.82,64.6,9.4,-15.1,-0.095,0.986,0.014,0.0,35.8,63.99,23.33,992.46,1687166645,cooking
250,329,329,2023/06/19 18:24:06.474,126,2.82,63.5,9.1,-16.6,-0.095,0.986,0.013,0.1,34.3,63.93,23.36,992.43,1687166646,cooking
251,330,330,2023/06/19 18:24:07.474,127,2.82,62.0,9.4,-16.6,-0.094,0.986,0.013,0.1,32.0,63.99,23.4,992.49,1687166647,cooking
252,331,331,2023/06/19 18:24:08.474,128,2.82,62.0,10.2,-15.4,-0.094,0.986,0.013,0.2,29.2,63.95,23.36,992.49,1687166648,cooking
253,332,332,2023/06/19 18:24:09.474,129,2.82,63.1,11.6,-16.2,-0.095,0.986,0.013,0.1,33.2,64.03,23.4,992.46,1687166649,cooking
254,333,333,2023/06/19 18:24:10.474,130,2.82,62.8,10.2,-15.4,-0.094,0.986,0.013,0.5,34.0,63.97,23.38,992.46,1687166650,cooking
255,334,334,2023/06/19 18:24:11.474,131,2.82,62.0,10.6,-16.2,-0.095,0.986,0.013,0.5,36.4,63.99,23.38,992.52,1687166651,cooking
256,335,335,2023/06/19 18:24:12.474,132,2.82,63.1,11.6,-15.8,-0.095,0.986,0.013,0.0,31.2,64.0,23.36,992.46,1687166652,cooking
257,336,336,2023/06/19 18:24:13.474,133,2.82,62.0,10.2,-16.6,-0.095,0.986,0.012,0.4,32.6,64.04,23.42,992.44,1687166653,cooking
258,337,337,2023/06/19 18:24:14.474,134,2.82,62.4,9.4,-13.6,-0.094,0.986,0.013,0.0,26.6,64.02,23.42,992.44,1687166654,cooking
259,338,338,2023/06/19 18:24:15.474,135,2.82,63.1,12.0,-18.1,-0.095,0.986,0.013,0.6,25.2,64.0,23.4,992.46,1687166655,cooking
260,339,339,2023/06/19 18:24:16.474,136,2.82,61.3,10.9,-15.8,-0.094,0.985,0.013,0.1,27.8,64.07,23.4,992.44,1687166656,cooking
261,340,340,2023/06/19 18:24:17.474,137,2.82,61.7,10.2,-18.8,-0.095,0.986,0.014,0.1,24.2,64.04,23.36,992.46,1687166657,cooking
262,341,341,2023/06/19 18:24:18.474,138,2.82,61.3,8.0,-16.9,-0.094,0.986,0.014,0.0,27.7,64.05,23.42,992.52,1687166658,cooking
263,342,342,2023/06/19 18:24:19.474,139,2.82,60.9,10.6,-16.2,-0.095,0.986,0.013,0.2,29.0,64.01,23.42,992.46,1687166659,cooking
264,343,343,2023/06/19 18:24:20.474,140,2.82,62.0,10.9,-19.6,-0.094,0.985,0.013,0.4,33.9,64.03,23.4,992.41,1687166660,cooking
265,344,344,2023/06/19 18:24:21.474,141,2.82,62.8,9.8,-12.8,-0.094,0.985,0.014,0.4,37.2,64.03,23.4,992.46,1687166661,cooking
266,345,345,2023/06/19 18:24:22.474,142,2.82,62.8,9.8,-15.8,-0.094,0.986,0.013,0.2,41.5,64.09,23.42,992.49,1687166662,cooking
267,346,346,2023/06/19 18:24:23.474,143,2.82,60.9,9.8,-17.7,-0.095,0.985,0.013,0.2,36.2,64.03,23.4,992.49,1687166663,cooking
268,347,347,2023/06/19 18:24:24.474,144,2.82,62.0,11.3,-15.8,-0.094,0.985,0.013,0.0,34.3,64.03,23.42,992.49,1687166664,cooking
269,348,348,2023/06/19 18:24:25.474,145,2.82,63.5,10.9,-20.3,-0.094,0.985,0.013,0.2,29.5,64.03,23.44,992.46,1687166665,cooking
270,349,349,2023/06/19 18:24:26.474,146,2.82,63.1,10.2,-15.4,-0.095,0.986,0.012,0.3,31.8,64.07,23.44,992.44,1687166666,cooking
271,350,350,2023/06/19 18:24:27.474,147,2.82,63.1,11.6,-15.1,-0.094,0.986,0.013,0.1,36.9,64.09,23.47,992.55,1687166667,cooking
272,351,351,2023/06/19 18:24:28.474,148,2.82,61.3,9.8,-16.2,-0.095,0.986,0.013,0.1,33.0,64.02,23.4,992.49,1687166668,cooking
273,352,352,2023/06/19 18:24:29.474,149,2.82,62.0,8.4,-14.7,-0.095,0.986,0.013,0.5,32.6,64.06,23.47,992.49,1687166669,cooking
274,353,353,2023/06/19 18:24:30.474,150,2.82,62.0,9.1,-15.8,-0.095,0.985,0.012,0.2,33.5,64.07,23.45,992.52,1687166670,cooking
275,354,354,2023/06/19 18:24:31.474,151,2.82,61.7,12.0,-17.3,-0.095,0.985,0.013,0.3,35.1,64.05,23.44,992.44,1687166671,cooking
276,355,355,2023/06/19 18:24:32.474,152,2.82,63.5,8.4,-16.2,-0.094,0.986,0.013,0.2,33.8,64.06,23.44,992.49,1687166672,cooking
277,356,356,2023/06/19 18:24:33.474,153,2.82,61.3,9.4,-16.9,-0.094,0.986,0.013,0.1,34.7,64.09,23.47,992.49,1687166673,cooking
278,357,357,2023/06/19 18:24:34.474,154,2.82,62.1,8.8,-16.6,-0.094,0.985,0.013,0.0,35.7,64.05,23.45,992.47,1687166674,cooking
279,358,358,2023/06/19 18:24:35.474,155,2.82,63.1,11.3,-18.4,-0.095,0.987,0.014,0.3,34.6,64.05,23.44,992.41,1687166675,cooking
280,359,359,2023/06/19 18:24:36.474,156,2.82,62.4,12.0,-15.1,-0.094,0.986,0.013,0.4,38.3,64.08,23.44,992.44,1687166676,cooking
281,360,360,2023/06/19 18:24:37.474,157,2.82,62.8,9.4,-19.9,-0.094,0.986,0.013,0.1,36.0,64.13,23.45,992.44,1687166677,cooking
282,361,361,2023/06/19 18:24:38.474,158,2.82,62.4,10.6,-12.4,-0.094,0.986,0.013,0.2,35.6,64.12,23.45,992.47,1687166678,cooking
283,362,362,2023/06/19 18:24:39.474,159,2.82,62.4,11.3,-12.8,-0.094,0.986,0.013,0.2,38.8,64.09,23.47,992.38,1687166679,cooking
284,363,363,2023/06/19 18:24:40.474,160,2.82,61.7,8.8,-18.4,-0.094,0.986,0.013,0.6,35.2,64.03,23.45,992.47,1687166680,cooking
285,364,364,2023/06/19 18:24:41.474,161,2.82,62.8,11.3,-16.6,-0.095,0.986,0.012,0.4,36.1,64.04,23.45,992.47,1687166681,cooking
286,365,365,2023/06/19 18:24:42.474,162,2.82,61.7,9.8,-13.9,-0.095,0.986,0.012,0.0,33.7,64.04,23.4,992.44,1687166682,cooking
287,366,366,2023/06/19 18:24:43.464,163,2.82,63.1,8.8,-14.7,-0.095,0.987,0.012,0.0,35.2,64.0,23.42,992.52,1687166683,cooking
288,367,367,2023/06/19 18:24:44.454,164,2.82,63.1,9.1,-18.1,-0.094,0.985,0.013,0.3,31.7,64.01,23.42,992.49,1687166684,cooking
289,368,368,2023/06/19 18:24:45.444,165,2.82,63.5,8.4,-16.6,-0.095,0.986,0.013,0.0,34.8,64.09,23.42,992.52,1687166685,cooking
290,369,369,2023/06/19 18:24:46.434,166,2.82,63.5,10.9,-17.7,-0.094,0.986,0.014,0.1,32.5,63.99,23.44,992.49,1687166686,cooking
291,370,370,2023/06/19 18:24:47.424,167,2.82,61.3,11.3,-14.7,-0.095,0.986,0.013,0.1,31.3,64.05,23.42,992.49,1687166687,cooking
292,371,371,2023/06/19 18:24:48.414,168,2.82,62.4,10.6,-13.6,-0.094,0.986,0.015,0.0,37.4,64.01,23.44,992.49,1687166688,cooking
293,372,372,2023/06/19 18:24:49.404,169,2.82,62.0,10.6,-15.8,-0.095,0.986,0.014,0.4,35.7,64.05,23.44,992.49,1687166689,cooking
294,373,373,2023/06/19 18:24:50.394,170,2.82,62.0,10.2,-17.7,-0.095,0.986,0.013,0.5,34.4,64.08,23.44,992.55,1687166690,cooking
295,374,374,2023/06/19 18:24:51.384,171,2.82,62.1,9.8,-15.4,-0.094,0.986,0.014,0.0,31.1,64.07,23.45,992.46,1687166691,cooking
296,375,375,2023/06/19 18:24:52.374,172,2.82,61.7,8.4,-15.4,-0.094,0.987,0.014,0.1,36.7,64.0,23.45,992.46,1687166692,cooking
297,376,376,2023/06/19 18:24:53.364,173,2.82,62.4,12.0,-16.6,-0.094,0.986,0.013,0.1,32.7,64.04,23.42,992.49,1687166693,cooking
298,377,377,2023/06/19 18:24:54.354,174,2.82,61.7,11.3,-16.2,-0.094,0.986,0.014,0.1,31.6,64.06,23.44,992.49,1687166694,cooking
299,378,378,2023/06/19 18:24:55.344,175,2.82,62.8,11.6,-15.1,-0.094,0.986,0.012,0.1,35.2,64.13,23.45,992.49,1687166695,cooking
300,379,379,2023/06/19 18:24:56.334,176,2.82,63.1,11.3,-15.1,-0.095,0.986,0.013,0.3,36.1,64.06,23.44,992.52,1687166696,cooking
301,380,380,2023/06/19 18:24:57.324,177,2.82,62.1,10.2,-13.2,-0.094,0.986,0.013,0.4,33.9,64.03,23.42,992.49,1687166697,cooking
302,381,381,2023/06/19 18:24:58.314,178,2.82,62.1,10.2,-15.1,-0.094,0.986,0.013,0.1,37.2,64.04,23.45,992.52,1687166698,cooking
303,382,382,2023/06/19 18:24:59.304,179,2.82,61.7,10.9,-16.6,-0.095,0.986,0.013,0.3,34.4,64.02,23.44,992.52,1687166699,cooking
304,383,383,2023/06/19 18:25:00.294,180,2.82,63.5,9.4,-13.9,-0.095,0.986,0.014,0.1,34.4,64.08,23.45,992.52,1687166700,cooking
305,384,384,2023/06/19 18:25:01.284,181,2.82,62.0,10.6,-14.3,-0.095,0.986,0.013,0.3,34.4,64.09,23.44,992.46,1687166701,cooking
306,385,385,2023/06/19 18:25:02.274,182,2.82,63.9,8.8,-17.3,-0.094,0.986,0.014,0.1,32.9,64.05,23.42,992.49,1687166702,cooking
307,386,386,2023/06/19 18:25:03.264,183,2.82,63.1,10.6,-15.1,-0.094,0.986,0.014,0.2,34.8,64.01,23.44,992.52,1687166703,cooking
308,387,387,2023/06/19 18:25:04.254,184,2.82,64.2,8.8,-15.1,-0.094,0.986,0.013,0.1,35.1,64.05,23.42,992.44,1687166704,cooking
309,388,388,2023/06/19 18:25:05.244,185,2.82,61.7,9.8,-12.8,-0.094,0.986,0.013,0.8,32.6,64.13,23.44,992.49,1687166705,cooking
310,389,389,2023/06/19 18:25:06.234,186,2.82,62.1,9.1,-14.7,-0.095,0.986,0.014,0.1,34.6,64.01,23.42,992.52,1687166706,cooking
311,390,390,2023/06/19 18:25:07.224,187,2.82,63.5,9.4,-17.7,-0.095,0.986,0.013,0.6,35.3,64.08,23.44,992.49,1687166707,cooking
312,391,391,2023/06/19 18:25:08.214,188,2.82,61.7,9.1,-15.4,-0.095,0.986,0.013,0.1,30.9,64.09,23.44,992.49,1687166708,cooking
313,392,392,2023/06/19 18:25:09.204,189,2.82,62.8,9.8,-19.6,-0.095,0.986,0.012,0.2,32.0,64.09,23.44,992.52,1687166709,cooking
314,393,393,2023/06/19 18:25:10.194,190,2.82,60.6,9.4,-17.3,-0.095,0.986,0.014,0.4,33.2,64.05,23.42,992.49,1687166710,cooking
315,394,394,2023/06/19 18:25:11.184,191,2.82,62.4,10.6,-14.7,-0.095,0.986,0.012,0.1,35.3,64.06,23.38,992.47,1687166711,other
316,395,395,2023/06/19 18:25:12.174,192,2.82,62.0,10.2,-16.9,-0.094,0.986,0.014,0.4,35.3,64.06,23.42,992.49,1687166712,other
317,396,396,2023/06/19 18:25:13.164,193,2.82,64.2,10.6,-15.4,-0.095,0.986,0.012,0.4,35.8,64.08,23.44,992.46,1687166713,other
318,397,397,2023/06/19 18:25:14.154,194,2.82,62.8,9.8,-14.7,-0.095,0.986,0.013,0.3,35.7,64.13,23.42,992.49,1687166714,other
319,398,398,2023/06/19 18:25:15.144,195,2.82,62.4,10.9,-16.9,-0.094,0.986,0.013,0.1,36.1,64.16,23.4,992.52,1687166715,other
320,399,399,2023/06/19 18:25:16.134,196,2.82,63.5,9.8,-14.3,-0.095,0.985,0.013,0.1,34.1,64.13,23.45,992.52,1687166716,other
321,400,400,2023/06/19 18:25:17.124,197,2.82,61.3,9.8,-17.3,-0.095,0.986,0.014,0.1,32.2,64.03,23.4,992.46,1687166717,other
322,401,401,2023/06/19 18:25:18.114,198,2.82,62.0,11.6,-13.2,-0.094,0.986,0.013,0.1,33.2,64.11,23.44,992.49,1687166718,other
323,402,402,2023/06/19 18:25:19.104,199,2.82,62.4,10.2,-18.8,-0.094,0.986,0.014,0.1,35.2,64.1,23.44,992.41,1687166719,eating
324,403,403,2023/06/19 18:25:20.094,200,2.82,61.3,10.6,-18.4,-0.095,0.986,0.012,0.1,34.8,64.08,23.4,992.49,1687166720,eating
325,404,404,2023/06/19 18:25:21.094,201,2.82,62.8,9.4,-16.6,-0.095,0.986,0.013,0.0,37.9,64.11,23.4,992.46,1687166721,eating
326,405,405,2023/06/19 18:25:22.094,202,2.82,62.8,10.6,-16.2,-0.095,0.987,0.013,0.1,34.4,64.14,23.38,992.49,1687166722,eating
327,406,406,2023/06/19 18:25:23.094,203,2.82,62.8,11.6,-18.4,-0.095,0.986,0.014,0.3,37.4,64.07,23.42,992.55,1687166723,eating
328,407,407,2023/06/19 18:25:24.094,204,2.82,62.8,9.8,-15.8,-0.095,0.986,0.012,0.1,32.9,64.11,23.42,992.52,1687166724,eating
329,408,408,2023/06/19 18:25:25.094,205,2.82,61.3,9.8,-18.1,-0.095,0.986,0.014,0.1,35.5,64.12,23.45,992.52,1687166725,eating
330,409,409,2023/06/19 18:25:26.094,206,2.82,62.4,9.4,-16.6,-0.095,0.987,0.013,0.3,35.8,64.03,23.4,992.46,1687166726,eating
331,410,410,2023/06/19 18:25:27.094,207,2.82,62.4,10.6,-15.8,-0.095,0.986,0.014,0.1,37.5,64.07,23.4,992.49,1687166727,eating
332,411,411,2023/06/19 18:25:28.094,208,2.82,63.9,9.4,-15.1,-0.095,0.987,0.014,0.1,37.1,64.15,23.42,992.55,1687166728,eating
333,412,412,2023/06/19 18:25:29.094,209,2.82,63.9,10.6,-16.6,-0.095,0.986,0.012,0.4,37.1,64.15,23.44,992.49,1687166729,eating
334,413,413,2023/06/19 18:25:30.094,210,2.82,62.4,9.8,-15.1,-0.095,0.986,0.014,0.4,36.9,64.13,23.42,992.46,1687166730,eating
335,414,414,2023/06/19 18:25:31.094,211,2.82,61.7,11.3,-18.4,-0.095,0.986,0.013,0.6,36.3,64.14,23.45,992.52,1687166731,eating
336,415,415,2023/06/19 18:25:32.094,212,2.82,63.1,10.6,-17.3,-0.095,0.986,0.013,0.0,36.7,64.12,23.4,992.52,1687166732,eating
337,416,416,2023/06/19 18:25:33.094,213,2.82,62.0,11.3,-16.6,-0.095,0.986,0.013,0.1,34.3,64.14,23.45,992.49,1687166733,eating
338,417,417,2023/06/19 18:25:34.094,214,2.82,62.8,11.3,-14.7,-0.095,0.985,0.013,0.1,35.5,64.12,23.44,992.49,1687166734,eating
339,418,418,2023/06/19 18:25:35.094,215,2.82,62.8,10.6,-15.4,-0.095,0.986,0.013,0.4,32.2,64.12,23.44,992.52,1687166735,eating
340,419,419,2023/06/19 18:25:36.094,216,2.82,61.3,9.4,-14.7,-0.094,0.985,0.012,0.0,35.2,64.12,23.4,992.49,1687166736,eating
341,420,420,2023/06/19 18:25:37.094,217,2.82,62.0,9.8,-17.3,-0.094,0.986,0.012,0.2,33.1,64.13,23.42,992.52,1687166737,eating
342,421,421,2023/06/19 18:25:38.094,218,2.82,62.4,10.2,-16.9,-0.095,0.986,0.014,0.2,34.3,64.15,23.44,992.41,1687166738,eating
343,422,422,2023/06/19 18:25:39.094,219,2.82,61.3,11.6,-12.8,-0.095,0.987,0.013,0.0,34.6,64.12,23.45,992.55,1687166739,eating
344,423,423,2023/06/19 18:25:40.094,220,2.82,63.1,11.3,-14.3,-0.095,0.986,0.013,0.0,37.3,64.16,23.42,992.49,1687166740,eating
345,424,424,2023/06/19 18:25:41.094,221,2.82,63.5,11.3,-16.2,-0.095,0.987,0.015,0.2,34.1,64.2,23.42,992.49,1687166741,eating
346,425,425,2023/06/19 18:25:42.094,222,2.82,62.0,9.4,-14.3,-0.095,0.986,0.013,0.1,34.3,64.16,23.45,992.49,1687166742,eating
347,426,426,2023/06/19 18:25:43.094,223,2.82,62.1,12.4,-13.9,-0.095,0.986,0.013,0.1,34.0,64.16,23.4,992.49,1687166743,eating
348,427,427,2023/06/19 18:25:44.094,224,2.82,63.9,10.6,-13.2,-0.095,0.986,0.012,0.0,31.6,64.14,23.4,992.52,1687166744,eating
349,428,428,2023/06/19 18:25:45.094,225,2.82,63.1,9.4,-16.2,-0.095,0.986,0.013,0.4,32.0,64.13,23.4,992.46,1687166745,eating
350,429,429,2023/06/19 18:25:46.094,226,2.82,62.1,10.2,-13.2,-0.095,0.987,0.012,0.4,35.2,64.22,23.42,992.46,1687166746,eating
351,430,430,2023/06/19 18:25:47.094,227,2.82,62.4,10.9,-14.3,-0.095,0.986,0.013,0.3,33.2,64.16,23.38,992.49,1687166747,eating
352,431,431,2023/06/19 18:25:48.094,228,2.82,62.8,10.6,-16.2,-0.095,0.986,0.013,0.1,35.2,64.2,23.44,992.46,1687166748,eating
353,432,432,2023/06/19 18:25:49.094,229,2.82,62.0,9.4,-16.9,-0.094,0.986,0.013,0.2,34.5,64.21,23.45,992.46,1687166749,eating
354,433,433,2023/06/19 18:25:50.094,230,2.82,61.7,10.6,-15.1,-0.094,0.986,0.012,0.2,34.0,64.21,23.4,992.49,1687166750,eating
355,434,434,2023/06/19 18:25:51.094,231,2.82,61.3,10.9,-14.7,-0.096,0.986,0.013,0.6,36.8,64.13,23.4,992.46,1687166751,eating
356,435,435,2023/06/19 18:25:52.094,232,2.82,60.9,9.8,-19.2,-0.095,0.986,0.013,0.2,33.1,64.25,23.38,992.46,1687166752,eating
357,436,436,2023/06/19 18:25:53.094,233,2.82,61.7,10.6,-18.8,-0.095,0.986,0.012,0.2,33.1,64.15,23.4,992.46,1687166753,eating
358,437,437,2023/06/19 18:25:54.094,234,2.82,64.2,9.8,-18.8,-0.095,0.986,0.013,0.2,32.7,64.2,23.4,992.57,1687166754,eating
359,438,438,2023/06/19 18:25:55.094,235,2.82,62.8,9.4,-18.1,-0.094,0.986,0.012,0.5,39.7,64.17,23.45,992.52,1687166755,eating
360,439,439,2023/06/19 18:25:56.094,236,2.82,63.5,9.4,-16.6,-0.095,0.986,0.013,0.6,35.8,64.18,23.45,992.57,1687166756,eating
361,440,440,2023/06/19 18:25:57.094,237,2.82,62.8,10.6,-15.4,-0.095,0.986,0.013,0.2,33.4,64.19,23.4,992.55,1687166757,eating
362,441,441,2023/06/19 18:25:58.094,238,2.82,62.0,9.8,-14.7,-0.095,0.986,0.012,0.3,33.5,64.18,23.4,992.55,1687166758,eating
363,442,442,2023/06/19 18:25:59.094,239,2.82,62.8,11.6,-16.9,-0.095,0.985,0.013,0.1,34.8,64.16,23.4,992.57,1687166759,eating
364,443,443,2023/06/19 18:26:00.094,240,2.82,62.8,10.6,-17.7,-0.095,0.986,0.012,0.1,33.0,64.22,23.42,992.55,1687166760,eating
365,444,444,2023/06/19 18:26:01.094,241,2.82,61.7,9.8,-15.8,-0.095,0.986,0.012,0.1,37.9,64.21,23.4,992.49,1687166761,eating
366,445,445,2023/06/19 18:26:02.094,242,2.82,62.0,10.6,-16.9,-0.095,0.986,0.014,0.0,34.0,64.18,23.42,992.49,1687166762,eating
367,446,446,2023/06/19 18:26:03.094,243,2.82,63.1,9.8,-15.1,-0.095,0.985,0.012,0.1,34.8,64.18,23.4,992.52,1687166763,eating
368,447,447,2023/06/19 18:26:04.094,244,2.82,61.7,10.9,-17.3,-0.095,0.986,0.013,0.0,35.1,64.2,23.35,992.52,1687166764,eating
369,448,448,2023/06/19 18:26:05.094,245,2.82,63.5,11.6,-16.6,-0.095,0.986,0.013,0.1,34.8,64.17,23.4,992.52,1687166765,eating
370,449,449,2023/06/19 18:26:06.094,246,2.82,63.1,11.6,-17.3,-0.095,0.986,0.013,0.4,33.9,64.2,23.38,992.49,1687166766,eating
371,450,450,2023/06/19 18:26:07.094,247,2.82,62.0,11.3,-15.1,-0.094,0.986,0.012,0.2,32.4,64.2,23.38,992.52,1687166767,eating
372,451,451,2023/06/19 18:26:08.094,248,2.82,62.8,9.8,-15.8,-0.095,0.986,0.012,0.1,37.1,64.18,23.4,992.57,1687166768,eating
373,452,452,2023/06/19 18:26:09.094,249,2.82,63.5,9.4,-14.7,-0.095,0.986,0.012,0.0,34.3,64.24,23.36,992.57,1687166769,eating
374,453,453,2023/06/19 18:26:10.094,250,2.82,62.8,9.8,-15.4,-0.095,0.985,0.013,0.1,36.8,64.22,23.44,992.46,1687166770,eating
375,454,454,2023/06/19 18:26:11.094,251,2.82,63.5,9.1,-17.3,-0.094,0.986,0.013,0.4,33.6,64.26,23.4,992.54,1687166771,eating
376,455,455,2023/06/19 18:26:12.094,252,2.82,63.1,10.9,-19.6,-0.095,0.986,0.012,0.1,31.2,64.27,23.38,992.52,1687166772,eating
377,456,456,2023/06/19 18:26:13.094,253,2.82,62.0,9.1,-16.6,-0.095,0.986,0.013,0.2,31.6,64.27,23.44,992.57,1687166773,eating
378,457,457,2023/06/19 18:26:14.094,254,2.82,60.9,11.6,-15.4,-0.095,0.986,0.012,0.2,34.8,64.22,23.42,992.52,1687166774,eating
379,458,458,2023/06/19 18:26:15.094,255,2.82,62.0,11.3,-15.1,-0.095,0.986,0.013,0.0,32.4,64.26,23.38,992.57,1687166775,eating
380,459,459,2023/06/19 18:26:16.094,0,2.82,62.8,8.8,-16.6,-0.095,0.986,0.013,0.2,35.1,64.26,23.42,992.54,1687166776,eating
381,460,460,2023/06/19 18:26:17.094,1,2.82,62.8,9.4,-18.4,-0.095,0.986,0.012,0.1,35.3,64.23,23.38,992.49,1687166777,eating
382,461,461,2023/06/19 18:26:18.094,2,2.82,63.5,12.0,-16.2,-0.095,0.986,0.013,0.0,35.2,64.27,23.4,992.52,1687166778,eating
383,462,462,2023/06/19 18:26:19.094,3,2.82,63.9,10.6,-16.2,-0.096,0.986,0.013,0.1,32.5,64.24,23.38,992.49,1687166779,eating
384,463,463,2023/06/19 18:26:20.094,4,2.82,63.9,10.6,-16.9,-0.095,0.986,0.012,0.1,34.5,64.26,23.36,992.49,1687166780,eating
385,464,464,2023/06/19 18:26:21.094,5,2.82,62.8,10.9,-16.9,-0.094,0.986,0.013,0.1,36.7,64.25,23.36,992.54,1687166781,eating
386,465,465,2023/06/19 18:26:22.094,6,2.82,61.7,8.8,-14.7,-0.095,0.987,0.012,0.1,34.5,64.27,23.4,992.54,1687166782,eating
387,466,466,2023/06/19 18:26:23.094,7,2.82,61.3,10.9,-15.1,-0.095,0.987,0.012,0.2,37.1,64.27,23.4,992.52,1687166783,eating
388,467,467,2023/06/19 18:26:24.094,8,2.82,62.8,10.2,-16.6,-0.095,0.986,0.011,0.1,35.2,64.33,23.4,992.54,1687166784,eating
389,468,468,2023/06/19 18:26:25.094,9,2.82,63.9,10.9,-15.1,-0.096,0.986,0.012,0.2,33.5,64.31,23.4,992.52,1687166785,eating
390,469,469,2023/06/19 18:26:26.094,10,2.82,63.5,10.9,-17.7,-0.095,0.987,0.012,0.0,33.5,64.32,23.42,992.52,1687166786,eating
391,470,470,2023/06/19 18:26:27.094,11,2.82,62.1,10.2,-16.2,-0.096,0.986,0.011,0.2,32.7,64.32,23.4,992.54,1687166787,eating
392,471,471,2023/06/19 18:26:28.094,12,2.82,61.7,8.8,-15.1,-0.096,0.986,0.012,0.2,35.5,64.28,23.36,992.57,1687166788,eating
393,472,472,2023/06/19 18:26:29.094,13,2.82,63.1,9.8,-17.3,-0.095,0.987,0.012,0.0,35.5,64.33,23.35,992.54,1687166789,eating
394,473,473,2023/06/19 18:26:30.094,14,2.82,60.9,9.4,-15.8,-0.095,0.986,0.013,0.4,34.5,64.3,23.4,992.54,1687166790,eating
395,474,474,2023/06/19 18:26:31.094,15,2.82,61.3,9.8,-18.8,-0.095,0.986,0.012,0.2,34.4,64.35,23.38,992.49,1687166791,eating
396,475,475,2023/06/19 18:26:32.094,16,2.82,63.1,9.4,-13.2,-0.095,0.985,0.012,0.1,35.5,64.33,23.4,992.54,1687166792,eating
397,476,476,2023/06/19 18:26:33.094,17,2.82,62.0,10.9,-13.6,-0.095,0.985,0.012,0.2,35.2,64.38,23.4,992.49,1687166793,eating
398,477,477,2023/06/19 18:26:34.094,18,2.82,61.7,10.9,-18.1,-0.095,0.986,0.012,0.4,33.1,64.3,23.42,992.41,1687166794,eating
399,478,478,2023/06/19 18:26:35.094,19,2.82,62.0,10.2,-16.2,-0.095,0.986,0.012,0.5,33.5,64.3,23.42,992.49,1687166795,eating
400,479,479,2023/06/19 18:26:36.094,20,2.82,61.3,10.2,-16.9,-0.096,0.987,0.012,0.1,37.2,64.31,23.38,992.52,1687166796,eating
401,480,480,2023/06/19 18:26:37.094,21,2.82,62.8,9.4,-18.1,-0.096,0.986,0.012,0.2,34.4,64.36,23.42,992.46,1687166797,eating
402,481,481,2023/06/19 18:26:38.094,22,2.82,60.9,12.4,-12.4,-0.095,0.986,0.013,0.1,33.2,64.37,23.44,992.49,1687166798,eating
403,482,482,2023/06/19 18:26:39.094,23,2.82,61.7,9.1,-15.8,-0.095,0.987,0.012,0.1,35.8,64.34,23.4,992.49,1687166799,eating
404,483,483,2023/06/19 18:26:40.094,24,2.82,63.9,11.3,-17.3,-0.095,0.986,0.012,0.5,37.4,64.33,23.4,992.46,1687166800,eating
405,484,484,2023/06/19 18:26:41.094,25,2.82,63.1,11.6,-15.8,-0.096,0.986,0.012,0.1,34.4,64.34,23.4,992.52,1687166801,eating
406,485,485,2023/06/19 18:26:42.094,26,2.82,63.5,10.6,-16.6,-0.095,0.986,0.012,0.1,34.1,64.33,23.4,992.52,1687166802,eating
407,486,486,2023/06/19 18:26:43.094,27,2.82,61.7,11.6,-15.4,-0.095,0.987,0.012,0.2,34.3,64.3,23.4,992.54,1687166803,eating
408,487,487,2023/06/19 18:26:44.094,28,2.82,63.1,11.3,-15.8,-0.096,0.986,0.013,0.1,37.8,64.3,23.4,992.52,1687166804,eating
409,488,488,2023/06/19 18:26:45.094,29,2.82,62.0,9.4,-17.3,-0.096,0.986,0.012,0.2,30.4,64.39,23.36,992.49,1687166805,eating
410,489,489,2023/06/19 18:26:46.094,30,2.82,60.9,9.8,-15.4,-0.095,0.986,0.012,0.0,34.6,64.37,23.42,992.49,1687166806,eating
411,490,490,2023/06/19 18:26:47.094,31,2.82,61.7,9.8,-15.8,-0.096,0.986,0.012,0.2,35.8,64.33,23.44,992.46,1687166807,eating
412,491,491,2023/06/19 18:26:48.094,32,2.82,63.5,10.9,-16.6,-0.095,0.986,0.012,0.6,32.7,64.37,23.38,992.49,1687166808,eating
413,492,492,2023/06/19 18:26:49.094,33,2.82,62.4,11.3,-13.9,-0.096,0.986,0.012,0.6,36.6,64.37,23.44,992.54,1687166809,eating
414,493,493,2023/06/19 18:26:50.094,34,2.82,63.9,12.0,-14.7,-0.095,0.986,0.012,0.1,37.1,64.36,23.42,992.52,1687166810,eating
415,494,494,2023/06/19 18:26:51.094,35,2.82,61.3,9.8,-15.4,-0.095,0.986,0.012,0.3,36.3,64.37,23.4,992.49,1687166811,eating
416,495,495,2023/06/19 18:26:52.094,36,2.82,63.5,10.2,-15.1,-0.095,0.986,0.012,0.3,32.9,64.4,23.44,992.54,1687166812,eating
417,496,496,2023/06/19 18:26:53.094,37,2.82,62.4,9.8,-14.7,-0.096,0.986,0.012,0.3,34.3,64.45,23.42,992.49,1687166813,eating
418,497,497,2023/06/19 18:26:54.094,38,2.82,62.4,11.3,-16.9,-0.095,0.986,0.012,0.7,35.4,64.4,23.42,992.46,1687166814,eating
419,498,498,2023/06/19 18:26:55.094,39,2.82,62.0,10.2,-16.6,-0.096,0.986,0.012,0.0,36.3,64.41,23.4,992.49,1687166815,eating
420,499,499,2023/06/19 18:26:56.094,40,2.82,62.4,9.8,-14.3,-0.095,0.987,0.012,0.2,35.5,64.43,23.44,992.54,1687166816,eating
421,500,500,2023/06/19 18:26:57.094,41,2.82,60.9,9.8,-16.6,-0.096,0.985,0.011,0.1,34.7,64.44,23.44,992.44,1687166817,eating
422,501,501,2023/06/19 18:26:58.094,42,2.82,61.3,8.4,-17.7,-0.095,0.987,0.012,0.4,38.6,64.4,23.45,992.57,1687166818,eating
423,502,502,2023/06/19 18:26:59.094,43,2.82,62.4,10.2,-15.8,-0.095,0.986,0.013,0.1,35.5,64.38,23.44,992.52,1687166819,eating
424,503,503,2023/06/19 18:27:00.094,44,2.82,61.7,10.6,-15.1,-0.095,0.987,0.012,0.1,33.1,64.4,23.4,992.57,1687166820,eating
425,504,504,2023/06/19 18:27:01.094,45,2.82,62.8,10.9,-15.8,-0.095,0.986,0.013,0.3,35.5,64.39,23.38,992.6,1687166821,eating
426,505,505,2023/06/19 18:27:02.094,46,2.82,62.8,9.4,-15.1,-0.096,0.987,0.012,0.0,32.7,64.43,23.4,992.57,1687166822,eating
427,506,506,2023/06/19 18:27:03.094,47,2.82,62.8,9.4,-18.8,-0.095,0.987,0.012,0.2,34.0,64.43,23.42,992.52,1687166823,eating
428,507,507,2023/06/19 18:27:04.094,48,2.82,64.6,10.9,-17.7,-0.096,0.986,0.012,0.1,32.0,64.48,23.4,992.57,1687166824,eating
429,508,508,2023/06/19 18:27:05.094,49,2.82,63.5,12.8,-17.3,-0.096,0.986,0.012,0.2,34.8,64.46,23.44,992.52,1687166825,eating
430,509,509,2023/06/19 18:27:06.094,50,2.82,60.9,10.6,-15.1,-0.096,0.987,0.013,0.1,37.2,64.44,23.42,992.49,1687166826,eating
431,510,510,2023/06/19 18:27:07.094,51,2.82,63.5,9.1,-13.2,-0.096,0.987,0.012,0.4,30.1,64.47,23.38,992.52,1687166827,eating
432,511,511,2023/06/19 18:27:08.094,52,2.82,61.7,10.6,-16.9,-0.096,0.986,0.012,0.2,33.5,64.42,23.4,992.52,1687166828,eating
433,512,512,2023/06/19 18:27:09.094,53,2.82,62.8,12.0,-15.8,-0.096,0.986,0.012,0.0,35.5,64.46,23.44,992.46,1687166829,eating
434,513,513,2023/06/19 18:27:10.094,54,2.82,63.5,9.4,-16.2,-0.095,0.986,0.012,0.6,40.5,64.49,23.38,992.54,1687166830,eating
435,514,514,2023/06/19 18:27:11.094,55,2.82,62.8,10.2,-15.8,-0.095,0.986,0.012,0.1,32.0,64.5,23.4,992.54,1687166831,eating
436,515,515,2023/06/19 18:27:12.094,56,2.82,62.0,9.1,-15.4,-0.096,0.986,0.011,0.3,35.1,64.53,23.4,992.54,1687166832,eating
437,516,516,2023/06/19 18:27:13.094,57,2.82,62.0,9.8,-12.8,-0.095,0.986,0.012,0.5,33.9,64.45,23.47,992.49,1687166833,eating
438,517,517,2023/06/19 18:27:14.094,58,2.82,62.8,10.2,-13.6,-0.096,0.986,0.012,0.4,34.8,64.47,23.38,992.52,1687166834,eating
439,518,518,2023/06/19 18:27:15.094,59,2.82,62.8,10.2,-14.7,-0.096,0.987,0.012,0.0,35.1,64.5,23.42,992.57,1687166835,eating
440,519,519,2023/06/19 18:27:16.094,60,2.82,63.1,9.8,-15.4,-0.096,0.986,0.011,0.1,35.1,64.5,23.42,992.49,1687166836,eating
441,520,520,2023/06/19 18:27:17.094,61,2.82,63.1,10.2,-14.7,-0.096,0.986,0.012,0.1,35.0,64.5,23.38,992.52,1687166837,eating
442,521,521,2023/06/19 18:27:18.094,62,2.82,61.7,9.8,-16.2,-0.097,0.987,0.012,0.1,33.6,64.54,23.44,992.57,1687166838,eating
443,522,522,2023/06/19 18:27:19.094,63,2.82,63.5,10.9,-14.7,-0.097,0.987,0.011,0.1,32.5,64.43,23.4,992.57,1687166839,eating
444,523,523,2023/06/19 18:27:20.094,64,2.82,62.0,11.3,-18.1,-0.095,0.987,0.012,0.3,34.0,64.58,23.42,992.52,1687166840,eating
445,524,524,2023/06/19 18:27:21.094,65,2.82,63.1,10.2,-14.7,-0.095,0.987,0.012,0.2,35.5,64.53,23.38,992.52,1687166841,eating
446,525,525,2023/06/19 18:27:22.094,66,2.82,63.9,10.2,-16.6,-0.096,0.986,0.012,0.1,33.2,64.55,23.4,992.49,1687166842,eating
447,526,526,2023/06/19 18:27:23.094,67,2.82,61.3,11.3,-15.4,-0.095,0.986,0.011,0.2,35.1,64.47,23.4,992.49,1687166843,eating
448,527,527,2023/06/19 18:27:24.094,68,2.82,62.0,10.2,-16.9,-0.095,0.987,0.013,0.4,33.5,64.5,23.4,992.49,1687166844,eating
449,528,528,2023/06/19 18:27:25.094,69,2.82,63.1,11.3,-16.6,-0.097,0.986,0.011,0.1,36.4,64.5,23.42,992.52,1687166845,eating
450,529,529,2023/06/19 18:27:26.094,70,2.82,63.1,9.1,-15.8,-0.096,0.987,0.012,0.2,34.6,64.47,23.38,992.54,1687166846,eating
451,530,530,2023/06/19 18:27:27.094,71,2.82,63.5,8.4,-16.9,-0.096,0.987,0.012,0.2,34.4,64.5,23.4,992.49,1687166847,eating
452,531,531,2023/06/19 18:27:28.094,72,2.82,61.7,10.6,-17.7,-0.096,0.987,0.011,0.0,34.6,64.52,23.4,992.57,1687166848,eating
453,532,532,2023/06/19 18:27:29.094,73,2.82,63.9,11.3,-18.1,-0.096,0.986,0.012,0.1,33.1,64.57,23.4,992.52,1687166849,eating
454,533,533,2023/06/19 18:27:30.094,74,2.82,62.4,9.8,-14.7,-0.096,0.986,0.012,0.4,31.2,64.53,23.4,992.46,1687166850,eating
455,534,534,2023/06/19 18:27:31.094,75,2.82,62.8,10.2,-15.8,-0.095,0.986,0.012,0.0,30.4,64.52,23.42,992.49,1687166851,eating
456,535,535,2023/06/19 18:27:32.094,76,2.82,62.8,11.6,-13.2,-0.096,0.987,0.012,0.0,33.8,64.56,23.42,992.54,1687166852,eating
457,536,536,2023/06/19 18:27:33.094,77,2.82,63.5,9.4,-15.8,-0.096,0.987,0.011,0.2,33.9,64.57,23.42,992.54,1687166853,eating
458,537,537,2023/06/19 18:27:34.094,78,2.82,61.3,9.4,-16.6,-0.096,0.987,0.011,0.2,35.5,64.56,23.42,992.49,1687166854,eating
459,538,538,2023/06/19 18:27:35.094,79,2.82,62.4,10.6,-16.9,-0.095,0.986,0.011,0.4,32.5,64.54,23.45,992.46,1687166855,eating
460,539,539,2023/06/19 18:27:36.094,80,2.82,63.5,10.2,-16.2,-0.095,0.987,0.012,0.3,36.3,64.49,23.38,992.52,1687166856,eating
461,540,540,2023/06/19 18:27:37.094,81,2.82,62.4,10.6,-15.8,-0.096,0.986,0.011,0.0,35.7,64.56,23.4,992.57,1687166857,eating
462,541,541,2023/06/19 18:27:38.094,82,2.82,63.1,10.9,-14.7,-0.096,0.985,0.011,0.1,33.1,64.54,23.42,992.55,1687166858,eating
463,542,542,2023/06/19 18:27:39.094,83,2.82,63.9,11.6,-15.1,-0.096,0.986,0.012,0.1,32.7,64.6,23.36,992.52,1687166859,eating
464,543,543,2023/06/19 18:27:40.094,84,2.82,62.8,11.6,-16.2,-0.096,0.986,0.011,0.1,34.6,64.55,23.38,992.57,1687166860,eating
465,544,544,2023/06/19 18:27:41.094,85,2.82,63.5,9.4,-16.2,-0.096,0.986,0.011,0.1,34.1,64.55,23.38,992.52,1687166861,eating
466,545,545,2023/06/19 18:27:42.094,86,2.82,62.0,9.8,-15.4,-0.096,0.986,0.011,0.1,35.2,64.58,23.36,992.54,1687166862,eating
467,546,546,2023/06/19 18:27:43.094,87,2.82,63.5,9.8,-14.7,-0.096,0.986,0.012,0.1,34.5,64.57,23.4,992.46,1687166863,eating
468,547,547,2023/06/19 18:27:44.094,88,2.82,62.4,11.3,-17.7,-0.096,0.986,0.012,0.6,34.3,64.59,23.42,992.52,1687166864,eating
469,548,548,2023/06/19 18:27:45.094,89,2.82,63.5,9.8,-15.4,-0.096,0.987,0.012,0.7,32.7,64.57,23.4,992.52,1687166865,eating
470,549,549,2023/06/19 18:27:46.094,90,2.82,60.9,10.6,-17.3,-0.096,0.986,0.012,0.4,32.3,64.6,23.4,992.49,1687166866,eating
471,550,550,2023/06/19 18:27:47.094,91,2.82,62.8,10.2,-15.8,-0.096,0.986,0.012,0.1,34.3,64.59,23.38,992.54,1687166867,eating
472,551,551,2023/06/19 18:27:48.094,92,2.82,62.0,10.9,-16.2,-0.095,0.986,0.012,0.4,33.2,64.61,23.4,992.49,1687166868,eating
473,552,552,2023/06/19 18:27:49.094,93,2.82,62.4,9.8,-16.6,-0.096,0.987,0.012,0.2,36.8,64.57,23.4,992.46,1687166869,eating
474,553,553,2023/06/19 18:27:50.094,94,2.82,62.8,12.0,-14.7,-0.096,0.986,0.012,0.1,33.2,64.59,23.4,992.57,1687166870,eating
475,554,554,2023/06/19 18:27:51.094,95,2.82,62.8,10.9,-14.7,-0.097,0.986,0.011,0.2,32.1,64.59,23.42,992.52,1687166871,eating
476,555,555,2023/06/19 18:27:52.094,96,2.82,62.4,9.4,-19.2,-0.096,0.986,0.012,0.1,34.0,64.59,23.42,992.54,1687166872,eating
477,556,556,2023/06/19 18:27:53.094,97,2.82,63.1,9.4,-15.8,-0.095,0.986,0.012,0.1,35.9,64.59,23.4,992.52,1687166873,eating
478,557,557,2023/06/19 18:27:54.094,98,2.82,62.4,10.2,-16.9,-0.095,0.986,0.012,0.6,33.2,64.6,23.44,992.44,1687166874,eating
479,558,558,2023/06/19 18:27:55.094,99,2.82,62.1,9.4,-16.9,-0.095,0.986,0.011,0.1,36.6,64.62,23.42,992.54,1687166875,eating
480,559,559,2023/06/19 18:27:56.094,100,2.82,61.7,9.4,-16.6,-0.096,0.985,0.013,0.1,34.8,64.55,23.38,992.57,1687166876,eating
481,560,560,2023/06/19 18:27:57.094,101,2.82,62.4,10.6,-14.3,-0.095,0.987,0.012,0.1,34.6,64.62,23.38,992.57,1687166877,eating
482,561,561,2023/06/19 18:27:58.094,102,2.82,62.0,11.3,-16.9,-0.096,0.985,0.012,0.3,32.4,64.59,23.4,992.46,1687166878,eating
483,562,562,2023/06/19 18:27:59.094,103,2.82,62.4,10.6,-17.3,-0.095,0.986,0.012,0.2,37.3,64.62,23.36,992.46,1687166879,eating
484,563,563,2023/06/19 18:28:00.094,104,2.82,62.8,12.0,-18.1,-0.095,0.986,0.011,0.1,33.0,64.59,23.36,992.54,1687166880,eating
485,564,564,2023/06/19 18:28:01.094,105,2.82,62.8,10.6,-14.3,-0.096,0.986,0.012,0.1,35.8,64.61,23.38,992.54,1687166881,eating
486,565,565,2023/06/19 18:28:02.094,106,2.82,62.4,10.6,-15.4,-0.095,0.986,0.011,0.4,33.5,64.63,23.38,992.54,1687166882,eating
487,566,566,2023/06/19 18:28:03.094,107,2.82,63.9,9.8,-13.9,-0.096,0.986,0.011,0.0,33.3,64.56,23.38,992.49,1687166883,eating
488,567,567,2023/06/19 18:28:04.094,108,2.82,62.8,10.2,-16.6,-0.095,0.986,0.012,0.0,36.7,64.62,23.42,992.57,1687166884,eating
489,568,568,2023/06/19 18:28:05.094,109,2.82,62.8,10.6,-11.3,-0.095,0.987,0.013,0.3,35.8,64.61,23.42,992.57,1687166885,eating
490,569,569,2023/06/19 18:28:06.094,110,2.82,61.7,11.3,-18.1,-0.095,0.986,0.011,0.4,33.5,64.62,23.42,992.52,1687166886,eating
491,570,570,2023/06/19 18:28:07.094,111,2.82,61.3,9.8,-13.9,-0.096,0.987,0.012,0.1,37.3,64.64,23.36,992.54,1687166887,eating
492,571,571,2023/06/19 18:28:08.094,112,2.82,62.8,10.2,-15.4,-0.095,0.986,0.011,0.5,34.0,64.62,23.36,992.46,1687166888,eating
493,572,572,2023/06/19 18:28:09.094,113,2.82,62.8,12.4,-15.1,-0.096,0.986,0.011,0.2,36.3,64.62,23.4,992.52,1687166889,eating
494,573,573,2023/06/19 18:28:10.094,114,2.82,61.3,10.6,-18.4,-0.096,0.986,0.011,0.1,35.8,64.68,23.38,992.54,1687166890,eating
495,574,574,2023/06/19 18:28:11.094,115,2.82,62.4,10.6,-15.1,-0.096,0.987,0.012,0.2,33.1,64.67,23.42,992.57,1687166891,eating
496,575,575,2023/06/19 18:28:12.094,116,2.82,62.4,11.3,-15.1,-0.096,0.986,0.011,0.0,36.5,64.69,23.36,992.6,1687166892,eating
497,576,576,2023/06/19 18:28:13.094,117,2.82,62.4,10.6,-15.8,-0.096,0.986,0.013,0.4,37.9,64.69,23.36,992.49,1687166893,eating
498,577,577,2023/06/19 18:28:14.094,118,2.82,62.0,10.2,-15.1,-0.095,0.986,0.012,0.4,31.6,64.59,23.42,992.52,1687166894,eating
499,578,578,2023/06/19 18:28:15.094,119,2.82,63.1,11.6,-11.3,-0.096,0.986,0.011,0.1,35.8,64.64,23.44,992.57,1687166895,eating
500,579,579,2023/06/19 18:28:16.094,120,2.82,62.4,10.6,-15.1,-0.096,0.986,0.011,0.5,33.5,64.74,23.42,992.54,1687166896,eating
501,580,580,2023/06/19 18:28:17.094,121,2.82,64.6,9.8,-14.3,-0.096,0.986,0.012,0.2,34.4,64.72,23.36,992.54,1687166897,eating
502,581,581,2023/06/19 18:28:18.094,122,2.82,62.8,10.2,-13.9,-0.096,0.986,0.011,0.0,34.6,64.66,23.38,992.54,1687166898,eating
503,582,582,2023/06/19 18:28:19.094,123,2.82,62.4,9.4,-14.7,-0.096,0.986,0.012,0.3,32.7,64.7,23.38,992.52,1687166899,eating
504,583,583,2023/06/19 18:28:20.094,124,2.82,62.4,11.3,-13.6,-0.096,0.987,0.012,0.1,32.9,64.65,23.35,992.52,1687166900,eating
505,584,584,2023/06/19 18:28:21.094,125,2.82,63.1,11.3,-16.2,-0.096,0.987,0.012,0.1,33.5,64.72,23.42,992.49,1687166901,eating
506,585,585,2023/06/19 18:28:22.094,126,2.82,62.0,9.8,-16.9,-0.096,0.986,0.012,0.1,33.5,64.67,23.38,992.49,1687166902,eating
507,586,586,2023/06/19 18:28:23.094,127,2.82,63.1,10.2,-15.4,-0.096,0.986,0.011,0.1,34.3,64.67,23.4,992.49,1687166903,eating
508,587,587,2023/06/19 18:28:24.094,128,2.82,63.9,11.3,-14.7,-0.096,0.986,0.011,0.3,35.4,64.71,23.36,992.54,1687166904,eating
509,588,588,2023/06/19 18:28:25.094,129,2.82,62.8,10.6,-18.1,-0.095,0.987,0.011,0.5,36.4,64.65,23.35,992.54,1687166905,eating
510,589,589,2023/06/19 18:28:26.094,130,2.82,62.8,10.6,-14.7,-0.096,0.986,0.011,0.1,36.6,64.69,23.35,992.52,1687166906,eating
511,590,590,2023/06/19 18:28:27.094,131,2.82,62.0,9.4,-15.1,-0.096,0.986,0.011,0.1,34.3,64.7,23.35,992.49,1687166907,eating
512,591,591,2023/06/19 18:28:28.094,132,2.82,62.8,10.2,-17.7,-0.096,0.986,0.011,0.1,32.7,64.7,23.38,992.54,1687166908,eating
513,592,592,2023/06/19 18:28:29.094,133,2.82,62.8,9.8,-14.7,-0.096,0.986,0.012,0.4,32.7,64.79,23.38,992.54,1687166909,eating
514,593,593,2023/06/19 18:28:30.094,134,2.82,61.3,10.9,-13.9,-0.096,0.987,0.012,0.3,34.8,64.7,23.35,992.52,1687166910,eating
515,594,594,2023/06/19 18:28:31.094,135,2.82,63.1,11.6,-15.8,-0.096,0.987,0.012,0.0,35.5,64.71,23.36,992.54,1687166911,eating
516,595,595,2023/06/19 18:28:32.094,136,2.82,63.1,10.6,-15.4,-0.096,0.986,0.011,0.1,35.2,64.65,23.35,992.6,1687166912,eating
517,596,596,2023/06/19 18:28:33.094,137,2.82,62.4,11.3,-20.3,-0.096,0.986,0.011,0.1,37.8,64.77,23.36,992.52,1687166913,eating
518,597,597,2023/06/19 18:28:34.094,138,2.82,62.4,10.6,-17.7,-0.096,0.987,0.011,0.1,37.4,64.73,23.36,992.54,1687166914,eating
519,598,598,2023/06/19 18:28:35.094,139,2.82,63.9,11.6,-15.4,-0.096,0.987,0.012,0.2,33.6,64.75,23.4,992.57,1687166915,eating
520,599,599,2023/06/19 18:28:36.094,140,2.82,62.1,9.1,-15.4,-0.096,0.986,0.012,0.1,35.2,64.77,23.36,992.54,1687166916,eating
521,600,600,2023/06/19 18:28:37.094,141,2.82,62.4,10.2,-16.6,-0.095,0.987,0.011,0.4,33.5,64.67,23.38,992.52,1687166917,eating
522,601,601,2023/06/19 18:28:38.094,142,2.82,62.8,10.2,-19.6,-0.096,0.987,0.011,0.0,37.8,64.72,23.36,992.54,1687166918,eating
523,602,602,2023/06/19 18:28:39.094,143,2.81,62.4,9.8,-19.2,-0.095,0.986,0.011,0.5,32.9,64.81,23.38,992.54,1687166919,eating
524,603,603,2023/06/19 18:28:40.094,144,2.81,63.5,10.9,-16.2,-0.097,0.986,0.012,0.2,34.4,64.75,23.38,992.52,1687166920,eating
525,604,604,2023/06/19 18:28:41.094,145,2.81,62.4,10.9,-15.8,-0.096,0.986,0.012,0.3,36.0,64.73,23.36,992.54,1687166921,eating
526,605,605,2023/06/19 18:28:42.094,146,2.81,63.9,10.6,-15.8,-0.096,0.987,0.012,0.1,37.1,64.72,23.35,992.6,1687166922,eating
527,606,606,2023/06/19 18:28:43.094,147,2.81,62.4,9.1,-15.8,-0.096,0.987,0.011,0.1,33.0,64.76,23.35,992.52,1687166923,eating
528,607,607,2023/06/19 18:28:44.094,148,2.81,62.1,9.1,-17.3,-0.096,0.986,0.01,0.4,37.0,64.73,23.36,992.6,1687166924,eating
529,608,608,2023/06/19 18:28:45.094,149,2.81,60.9,10.6,-17.3,-0.096,0.986,0.011,0.2,35.5,64.79,23.38,992.52,1687166925,eating
530,609,609,2023/06/19 18:28:46.094,150,2.81,63.5,10.6,-15.1,-0.096,0.987,0.011,0.1,34.3,64.79,23.36,992.52,1687166926,eating
531,610,610,2023/06/19 18:28:47.094,151,2.81,61.7,9.8,-15.4,-0.097,0.986,0.012,0.2,34.1,64.78,23.33,992.52,1687166927,eating
532,611,611,2023/06/19 18:28:48.094,152,2.81,61.7,10.2,-13.9,-0.096,0.986,0.012,0.3,35.2,64.76,23.35,992.46,1687166928,eating
533,612,612,2023/06/19 18:28:49.094,153,2.81,62.1,10.9,-17.7,-0.097,0.986,0.011,0.2,35.5,64.77,23.36,992.52,1687166929,eating
534,613,613,2023/06/19 18:28:50.094,154,2.81,64.2,12.0,-18.1,-0.096,0.987,0.01,0.1,35.2,64.78,23.35,992.54,1687166930,eating
535,614,614,2023/06/19 18:28:51.094,155,2.81,64.6,9.8,-13.6,-0.096,0.986,0.011,0.1,34.4,64.78,23.33,992.52,1687166931,eating
536,615,615,2023/06/19 18:28:52.094,156,2.81,63.1,9.8,-15.1,-0.096,0.986,0.01,0.0,35.2,64.75,23.35,992.52,1687166932,eating
537,616,616,2023/06/19 18:28:53.094,157,2.81,63.9,10.2,-14.3,-0.097,0.986,0.012,0.5,33.1,64.76,23.35,992.57,1687166933,eating
538,617,617,2023/06/19 18:28:54.094,158,2.81,63.9,9.1,-15.8,-0.096,0.986,0.011,0.3,33.5,64.83,23.36,992.57,1687166934,eating
539,618,618,2023/06/19 18:28:55.094,159,2.81,62.0,9.8,-14.7,-0.095,0.987,0.011,0.1,32.4,64.88,23.36,992.54,1687166935,eating
540,619,619,2023/06/19 18:28:56.094,160,2.81,62.0,10.6,-17.7,-0.096,0.987,0.011,0.1,36.5,64.81,23.36,992.52,1687166936,eating
541,620,620,2023/06/19 18:28:57.094,161,2.81,60.9,10.2,-15.8,-0.096,0.987,0.01,0.3,34.8,64.77,23.35,992.52,1687166937,eating
542,621,621,2023/06/19 18:28:58.094,162,2.81,62.0,9.8,-18.8,-0.097,0.986,0.011,0.1,35.5,64.87,23.35,992.57,1687166938,eating
543,622,622,2023/06/19 18:28:59.094,163,2.81,62.0,10.2,-18.4,-0.096,0.987,0.011,0.1,33.9,64.82,23.35,992.57,1687166939,eating
544,623,623,2023/06/19 18:29:00.094,164,2.81,62.8,9.4,-14.3,-0.096,0.987,0.011,0.0,32.6,64.81,23.38,992.52,1687166940,eating
545,624,624,2023/06/19 18:29:01.094,165,2.81,62.8,10.2,-12.8,-0.096,0.987,0.011,0.4,32.4,64.81,23.36,992.54,1687166941,eating
546,625,625,2023/06/19 18:29:02.094,166,2.81,61.7,10.9,-16.2,-0.097,0.986,0.011,0.2,32.7,64.84,23.38,992.6,1687166942,eating
547,626,626,2023/06/19 18:29:03.094,167,2.81,61.7,10.2,-19.2,-0.096,0.986,0.011,0.3,34.8,64.84,23.35,992.57,1687166943,eating
548,627,627,2023/06/19 18:29:04.094,168,2.81,62.4,9.4,-17.7,-0.096,0.986,0.011,0.7,35.8,64.87,23.36,992.57,1687166944,eating
549,628,628,2023/06/19 18:29:05.094,169,2.81,62.4,9.4,-16.2,-0.096,0.986,0.011,0.1,33.1,64.81,23.35,992.52,1687166945,eating
550,629,629,2023/06/19 18:29:06.094,170,2.81,63.1,10.9,-17.7,-0.097,0.987,0.012,0.2,37.1,64.85,23.38,992.54,1687166946,eating
551,630,630,2023/06/19 18:29:07.094,171,2.81,62.8,11.3,-13.2,-0.097,0.986,0.012,0.2,33.4,64.84,23.38,992.54,1687166947,eating
552,631,631,2023/06/19 18:29:08.094,172,2.81,62.0,8.8,-18.4,-0.096,0.987,0.01,0.6,33.5,64.88,23.35,992.57,1687166948,eating
553,632,632,2023/06/19 18:29:09.094,173,2.81,62.8,9.8,-13.2,-0.097,0.985,0.012,0.1,35.2,64.89,23.36,992.57,1687166949,eating
554,633,633,2023/06/19 18:29:10.094,174,2.81,61.3,10.2,-16.9,-0.096,0.986,0.01,0.0,32.1,64.82,23.38,992.6,1687166950,eating
555,634,634,2023/06/19 18:29:11.094,175,2.81,63.1,10.6,-15.8,-0.096,0.986,0.011,0.4,36.3,64.89,23.35,992.62,1687166951,eating
556,635,635,2023/06/19 18:29:12.094,176,2.81,62.4,10.2,-13.6,-0.096,0.987,0.012,0.1,36.3,64.85,23.35,992.57,1687166952,eating
557,636,636,2023/06/19 18:29:13.094,177,2.81,62.4,12.8,-15.4,-0.096,0.987,0.012,0.3,37.1,64.86,23.33,992.52,1687166953,eating
558,637,637,2023/06/19 18:29:14.094,178,2.81,62.8,10.6,-19.6,-0.096,0.986,0.011,0.5,34.8,64.82,23.35,992.54,1687166954,eating
559,638,638,2023/06/19 18:29:15.094,179,2.81,63.5,9.8,-15.1,-0.096,0.986,0.01,0.2,33.9,64.82,23.36,992.54,1687166955,eating
560,639,639,2023/06/19 18:29:16.094,180,2.81,63.9,11.3,-15.8,-0.097,0.987,0.012,0.2,35.8,64.86,23.35,992.57,1687166956,eating
561,640,640,2023/06/19 18:29:17.094,181,2.81,62.8,10.9,-16.9,-0.097,0.986,0.01,0.4,32.0,64.9,23.38,992.62,1687166957,eating
562,641,641,2023/06/19 18:29:18.094,182,2.81,62.4,10.2,-15.8,-0.096,0.986,0.01,0.2,36.8,64.91,23.35,992.57,1687166958,eating
563,642,642,2023/06/19 18:29:19.094,183,2.81,62.0,9.4,-16.6,-0.097,0.986,0.01,0.2,35.2,64.86,23.38,992.49,1687166959,eating
564,643,643,2023/06/19 18:29:20.094,184,2.81,62.8,9.8,-15.1,-0.096,0.987,0.011,0.3,34.0,64.9,23.35,992.6,1687166960,eating
565,644,644,2023/06/19 18:29:21.094,185,2.81,63.1,10.2,-14.3,-0.097,0.987,0.011,0.1,32.4,64.93,23.36,992.57,1687166961,eating
566,645,645,2023/06/19 18:29:22.094,186,2.81,63.1,8.4,-17.7,-0.096,0.987,0.011,0.1,35.6,64.87,23.35,992.57,1687166962,eating
567,646,646,2023/06/19 18:29:23.094,187,2.81,62.8,10.9,-13.9,-0.098,0.987,0.011,0.0,33.2,64.89,23.35,992.57,1687166963,eating
568,647,647,2023/06/19 18:29:24.094,188,2.81,61.7,9.8,-15.1,-0.097,0.987,0.011,0.4,32.4,64.89,23.4,992.62,1687166964,eating
569,648,648,2023/06/19 18:29:25.094,189,2.81,62.8,10.9,-15.1,-0.097,0.987,0.011,0.1,34.9,64.97,23.38,992.54,1687166965,eating
570,649,649,2023/06/19 18:29:26.094,190,2.81,64.2,12.0,-13.9,-0.097,0.986,0.012,0.1,36.8,64.92,23.35,992.57,1687166966,eating
571,650,650,2023/06/19 18:29:27.094,191,2.81,61.7,10.6,-15.4,-0.097,0.986,0.01,0.2,35.1,64.92,23.35,992.6,1687166967,eating
572,651,651,2023/06/19 18:29:28.094,192,2.81,61.7,9.8,-15.8,-0.097,0.987,0.011,0.1,34.4,64.97,23.38,992.57,1687166968,eating
573,652,652,2023/06/19 18:29:29.094,193,2.81,60.9,11.3,-13.2,-0.097,0.986,0.011,0.4,36.6,64.97,23.4,992.57,1687166969,eating
574,653,653,2023/06/19 18:29:30.094,194,2.81,62.0,8.8,-15.8,-0.097,0.986,0.011,0.3,31.1,64.92,23.35,992.57,1687166970,eating
575,654,654,2023/06/19 18:29:31.094,195,2.81,63.9,9.4,-14.3,-0.097,0.987,0.011,0.1,35.6,64.94,23.35,992.57,1687166971,eating
576,655,655,2023/06/19 18:29:32.094,196,2.81,62.4,10.2,-18.1,-0.097,0.986,0.01,0.0,36.0,65.0,23.36,992.54,1687166972,eating
577,656,656,2023/06/19 18:29:33.094,197,2.81,63.1,8.8,-14.7,-0.097,0.987,0.011,0.1,33.9,65.0,23.35,992.57,1687166973,eating
578,657,657,2023/06/19 18:29:34.094,198,2.81,60.9,9.4,-17.3,-0.097,0.986,0.01,0.7,34.6,64.93,23.35,992.62,1687166974,eating
579,658,658,2023/06/19 18:29:35.094,199,2.81,62.8,10.9,-14.7,-0.097,0.986,0.01,0.0,33.9,64.92,23.35,992.62,1687166975,eating
580,659,659,2023/06/19 18:29:36.094,200,2.81,64.6,10.2,-16.2,-0.097,0.986,0.011,0.6,34.4,64.99,23.33,992.6,1687166976,eating
581,660,660,2023/06/19 18:29:37.094,201,2.81,62.8,7.6,-17.7,-0.097,0.987,0.01,0.3,38.2,64.97,23.35,992.6,1687166977,eating
582,661,661,2023/06/19 18:29:38.094,202,2.81,63.1,11.3,-14.7,-0.097,0.987,0.01,0.5,37.2,65.0,23.4,992.57,1687166978,eating
583,662,662,2023/06/19 18:29:39.094,203,2.81,61.7,10.2,-16.9,-0.098,0.987,0.01,0.1,35.7,64.97,23.33,992.57,1687166979,eating
584,663,663,2023/06/19 18:29:40.094,204,2.81,63.5,9.1,-16.2,-0.096,0.986,0.011,0.1,35.9,64.98,23.35,992.6,1687166980,eating
585,664,664,2023/06/19 18:29:41.094,205,2.81,61.7,9.8,-16.9,-0.097,0.987,0.009,0.4,35.7,64.97,23.35,992.54,1687166981,eating
586,665,665,2023/06/19 18:29:42.094,206,2.81,62.4,10.2,-16.6,-0.096,0.986,0.01,0.2,33.6,65.04,23.35,992.6,1687166982,eating
587,666,666,2023/06/19 18:29:43.084,207,2.81,63.9,11.6,-18.8,-0.097,0.987,0.01,0.0,34.0,65.02,23.36,992.6,1687166983,eating
588,667,667,2023/06/19 18:29:44.074,208,2.81,63.1,10.2,-14.7,-0.097,0.986,0.011,0.0,39.9,65.07,23.36,992.6,1687166984,eating
589,668,668,2023/06/19 18:29:45.064,209,2.81,62.0,9.8,-14.7,-0.096,0.986,0.01,0.0,35.1,65.06,23.35,992.54,1687166985,eating
590,669,669,2023/06/19 18:29:46.054,210,2.81,60.9,10.9,-16.6,-0.097,0.986,0.01,0.1,32.1,64.99,23.38,992.54,1687166986,eating
591,670,670,2023/06/19 18:29:47.044,211,2.81,62.8,9.4,-15.4,-0.098,0.986,0.01,0.1,35.9,65.09,23.35,992.57,1687166987,eating
592,671,671,2023/06/19 18:29:48.034,212,2.81,61.3,10.2,-16.2,-0.097,0.987,0.01,0.1,35.6,65.03,23.33,992.54,1687166988,eating
593,672,672,2023/06/19 18:29:49.024,213,2.81,62.0,10.2,-16.6,-0.097,0.987,0.011,0.2,36.4,65.02,23.31,992.57,1687166989,eating
594,673,673,2023/06/19 18:29:50.014,214,2.81,62.4,10.6,-16.9,-0.097,0.987,0.01,0.5,32.0,65.08,23.35,992.6,1687166990,eating
595,674,674,2023/06/19 18:29:51.004,215,2.81,63.1,11.6,-15.1,-0.097,0.987,0.011,0.2,34.5,65.09,23.36,992.6,1687166991,eating
597,676,676,2023/06/19 18:29:52.984,217,2.81,64.2,10.2,-16.9,-0.097,0.987,0.01,0.6,34.5,65.06,23.35,992.54,1687166992,eating
598,677,677,2023/06/19 18:29:53.974,218,2.81,62.8,9.4,-16.2,-0.096,0.987,0.011,0.2,31.7,65.06,23.33,992.62,1687166993,eating
599,678,678,2023/06/19 18:29:54.964,219,2.81,62.8,10.2,-15.8,-0.097,0.987,0.01,0.1,36.8,65.03,23.33,992.6,1687166994,eating
600,679,679,2023/06/19 18:29:55.954,220,2.81,61.3,11.6,-15.8,-0.097,0.986,0.01,0.6,35.7,65.08,23.38,992.6,1687166995,eating
601,680,680,2023/06/19 18:29:56.944,221,2.81,63.1,8.4,-16.9,-0.097,0.987,0.01,0.2,33.2,65.06,23.36,992.65,1687166996,eating
602,681,681,2023/06/19 18:29:57.934,222,2.81,63.5,9.4,-15.4,-0.097,0.987,0.01,0.2,37.2,65.04,23.35,992.6,1687166997,eating
603,682,682,2023/06/19 18:29:58.924,223,2.81,63.9,8.4,-12.8,-0.098,0.987,0.009,0.4,35.2,65.04,23.36,992.57,1687166998,eating
604,683,683,2023/06/19 18:29:59.914,224,2.81,61.7,10.9,-14.7,-0.097,0.986,0.011,0.1,34.3,65.11,23.36,992.65,1687166999,eating
605,684,684,2023/06/19 18:30:00.904,225,2.81,61.7,10.9,-17.3,-0.097,0.987,0.011,0.0,34.8,65.09,23.33,992.7,1687167000,eating
606,685,685,2023/06/19 18:30:01.894,226,2.81,62.8,10.9,-14.7,-0.097,0.986,0.011,0.2,33.5,65.09,23.36,992.57,1687167001,eating
607,686,686,2023/06/19 18:30:02.884,227,2.81,62.0,10.2,-18.4,-0.096,0.986,0.011,0.2,34.5,65.09,23.33,992.7,1687167002,eating
608,687,687,2023/06/19 18:30:03.874,228,2.81,61.7,9.1,-16.9,-0.097,0.986,0.01,0.1,37.4,65.16,23.36,992.65,1687167003,eating
609,688,688,2023/06/19 18:30:04.864,229,2.81,63.1,10.6,-14.3,-0.097,0.987,0.011,0.1,34.8,65.09,23.33,992.6,1687167004,eating
610,689,689,2023/06/19 18:30:05.854,230,2.81,63.1,10.9,-13.6,-0.097,0.986,0.011,0.0,37.5,65.11,23.33,992.7,1687167005,eating
611,690,690,2023/06/19 18:30:06.844,231,2.81,61.7,10.2,-16.9,-0.097,0.986,0.01,0.0,33.5,65.13,23.38,992.6,1687167006,eating
612,691,691,2023/06/19 18:30:07.834,232,2.81,63.1,11.3,-17.3,-0.097,0.987,0.011,0.3,36.8,65.17,23.35,992.6,1687167007,eating
613,692,692,2023/06/19 18:30:08.824,233,2.81,63.1,11.3,-15.8,-0.097,0.986,0.01,0.4,33.5,65.15,23.31,992.6,1687167008,eating
614,693,693,2023/06/19 18:30:09.814,234,2.81,62.8,11.6,-15.4,-0.098,0.986,0.01,0.2,34.4,65.08,23.36,992.7,1687167009,eating
615,694,694,2023/06/19 18:30:10.804,235,2.81,64.9,9.1,-15.4,-0.097,0.987,0.01,0.2,34.5,65.14,23.35,992.62,1687167010,eating
616,695,695,2023/06/19 18:30:11.794,236,2.81,61.7,10.6,-16.6,-0.098,0.987,0.01,0.1,36.0,65.14,23.36,992.54,1687167011,eating
617,696,696,2023/06/19 18:30:12.784,237,2.81,61.3,10.2,-13.6,-0.097,0.987,0.01,0.0,32.8,65.12,23.36,992.65,1687167012,eating
618,697,697,2023/06/19 18:30:13.774,238,2.81,62.0,10.9,-16.9,-0.097,0.986,0.01,0.2,35.9,65.12,23.35,992.62,1687167013,eating
619,698,698,2023/06/19 18:30:14.764,239,2.81,61.7,10.9,-16.2,-0.098,0.986,0.011,0.1,33.2,65.16,23.35,992.62,1687167014,eating
620,699,699,2023/06/19 18:30:15.754,240,2.81,62.4,12.0,-15.8,-0.096,0.986,0.01,0.4,34.5,65.14,23.35,992.6,1687167015,eating
621,700,700,2023/06/19 18:30:16.744,241,2.81,63.5,10.6,-16.2,-0.097,0.986,0.01,0.0,34.8,65.2,23.36,992.6,1687167016,eating
622,701,701,2023/06/19 18:30:17.734,242,2.81,62.0,10.2,-17.3,-0.097,0.987,0.011,0.4,33.5,65.17,23.33,992.7,1687167017,eating
623,702,702,2023/06/19 18:30:18.724,243,2.81,61.7,10.2,-16.9,-0.097,0.986,0.01,0.2,35.6,65.2,23.33,992.54,1687167018,eating
624,703,703,2023/06/19 18:30:19.714,244,2.81,62.0,9.1,-13.9,-0.097,0.986,0.011,0.1,34.8,65.19,23.38,992.6,1687167019,eating
625,704,704,2023/06/19 18:30:20.714,245,2.81,63.1,10.9,-15.8,-0.096,0.987,0.01,0.4,35.8,65.17,23.33,992.62,1687167020,eating
626,705,705,2023/06/19 18:30:21.714,246,2.81,63.1,9.8,-15.4,-0.097,0.987,0.01,0.0,37.2,65.2,23.36,992.7,1687167021,eating
627,706,706,2023/06/19 18:30:22.714,247,2.81,62.4,9.8,-19.6,-0.096,0.987,0.01,0.0,33.6,65.22,23.35,992.62,1687167022,eating
628,707,707,2023/06/19 18:30:23.714,248,2.81,62.8,9.8,-19.6,-0.097,0.986,0.01,0.3,35.6,65.2,23.35,992.68,1687167023,eating
629,708,708,2023/06/19 18:30:24.714,249,2.81,61.3,10.9,-16.6,-0.097,0.986,0.01,0.2,33.2,65.17,23.35,992.57,1687167024,eating
630,709,709,2023/06/19 18:30:25.714,250,2.81,62.8,9.8,-17.7,-0.096,0.986,0.011,0.1,36.8,65.17,23.35,992.6,1687167025,eating
631,710,710,2023/06/19 18:30:26.714,251,2.81,61.7,10.9,-16.2,-0.096,0.986,0.009,0.2,33.0,65.19,23.33,992.7,1687167026,eating
632,711,711,2023/06/19 18:30:27.714,252,2.81,62.8,9.1,-15.4,-0.097,0.987,0.01,0.2,35.7,65.2,23.33,992.54,1687167027,eating
633,712,712,2023/06/19 18:30:28.714,253,2.81,62.0,9.1,-14.7,-0.097,0.987,0.011,0.0,34.3,65.16,23.31,992.6,1687167028,eating
634,713,713,2023/06/19 18:30:29.714,254,2.81,62.4,11.3,-14.7,-0.097,0.986,0.011,0.8,38.3,65.18,23.35,992.7,1687167029,eating
635,714,714,2023/06/19 18:30:30.714,255,2.81,63.9,10.6,-16.6,-0.097,0.987,0.01,0.4,36.5,65.19,23.33,992.7,1687167030,eating
636,715,715,2023/06/19 18:30:31.714,0,2.81,62.0,9.1,-18.8,-0.098,0.987,0.011,0.1,34.3,65.27,23.36,992.6,1687167031,eating
637,716,716,2023/06/19 18:30:32.714,1,2.81,63.5,9.1,-16.6,-0.097,0.987,0.01,0.0,34.8,65.24,23.36,992.54,1687167032,eating
638,717,717,2023/06/19 18:30:33.714,2,2.81,63.5,10.9,-16.2,-0.097,0.986,0.01,0.2,36.8,65.28,23.36,992.65,1687167033,eating
639,718,718,2023/06/19 18:30:34.714,3,2.81,63.1,10.6,-17.3,-0.097,0.986,0.011,0.5,37.1,65.26,23.36,992.62,1687167034,eating
640,719,719,2023/06/19 18:30:35.714,4,2.81,63.9,10.9,-13.6,-0.097,0.986,0.01,0.0,34.4,65.26,23.33,992.7,1687167035,eating
641,720,720,2023/06/19 18:30:36.714,5,2.81,61.7,10.6,-13.6,-0.097,0.986,0.009,0.7,35.5,65.26,23.33,992.6,1687167036,eating
642,721,721,2023/06/19 18:30:37.714,6,2.81,62.8,10.9,-15.4,-0.097,0.987,0.01,0.8,36.3,65.23,23.38,992.57,1687167037,eating
643,722,722,2023/06/19 18:30:38.714,7,2.81,62.8,10.2,-13.6,-0.097,0.986,0.01,0.1,32.1,65.25,23.35,992.6,1687167038,eating
644,723,723,2023/06/19 18:30:39.714,8,2.81,62.8,9.8,-14.7,-0.097,0.986,0.01,0.1,34.0,65.24,23.31,992.7,1687167039,eating
645,724,724,2023/06/19 18:30:40.714,9,2.81,64.2,10.2,-14.7,-0.097,0.986,0.011,0.0,34.8,65.26,23.29,992.68,1687167040,eating
646,725,725,2023/06/19 18:30:41.714,10,2.81,62.4,10.6,-15.8,-0.097,0.987,0.01,0.2,35.6,65.25,23.31,992.6,1687167041,eating
647,726,726,2023/06/19 18:30:42.714,11,2.81,62.8,10.2,-15.4,-0.098,0.987,0.01,0.2,36.1,65.27,23.36,992.7,1687167042,eating
648,727,727,2023/06/19 18:30:43.714,12,2.81,62.0,10.2,-17.7,-0.097,0.986,0.009,0.4,30.8,65.29,23.31,992.7,1687167043,eating
649,728,728,2023/06/19 18:30:44.714,13,2.81,60.9,10.2,-13.9,-0.097,0.987,0.01,0.0,34.3,65.29,23.35,992.7,1687167044,eating
650,729,729,2023/06/19 18:30:45.714,14,2.81,62.8,9.8,-18.1,-0.097,0.986,0.01,0.1,32.6,65.28,23.29,992.6,1687167045,eating
651,730,730,2023/06/19 18:30:46.714,15,2.81,61.3,10.2,-17.3,-0.097,0.987,0.01,0.2,36.5,65.28,23.36,992.57,1687167046,eating
652,731,731,2023/06/19 18:30:47.714,16,2.81,63.1,9.8,-17.7,-0.097,0.986,0.01,0.0,31.5,65.33,23.36,992.62,1687167047,eating
653,732,732,2023/06/19 18:30:48.714,17,2.81,62.8,10.2,-14.7,-0.098,0.986,0.01,0.1,34.6,65.28,23.35,992.68,1687167048,eating
654,733,733,2023/06/19 18:30:49.714,18,2.81,62.4,10.9,-19.6,-0.097,0.986,0.01,0.1,30.9,65.34,23.35,992.7,1687167049,eating
655,734,734,2023/06/19 18:30:50.714,19,2.81,63.5,9.1,-13.2,-0.098,0.986,0.01,0.2,35.2,65.29,23.33,992.62,1687167050,eating
656,735,735,2023/06/19 18:30:51.714,20,2.81,61.3,9.1,-16.9,-0.097,0.987,0.01,0.0,33.4,65.32,23.31,992.57,1687167051,eating
657,736,736,2023/06/19 18:30:52.714,21,2.81,62.4,10.9,-15.1,-0.097,0.986,0.01,0.2,33.8,65.34,23.33,992.6,1687167052,eating
658,737,737,2023/06/19 18:30:53.714,22,2.81,61.3,9.8,-18.1,-0.098,0.986,0.01,0.0,32.6,65.36,23.35,992.62,1687167053,other
659,738,738,2023/06/19 18:30:54.714,23,2.81,61.7,10.2,-15.8,-0.097,0.987,0.01,0.2,35.3,65.34,23.31,992.62,1687167054,other
660,739,739,2023/06/19 18:30:55.714,24,2.81,62.8,10.2,-18.4,-0.097,0.987,0.009,0.2,34.4,65.36,23.35,992.7,1687167055,other
661,740,740,2023/06/19 18:30:56.714,25,2.81,63.1,10.6,-15.1,-0.097,0.987,0.009,0.3,36.8,65.33,23.33,992.6,1687167056,other
662,741,741,2023/06/19 18:30:57.714,26,2.81,62.4,11.3,-15.1,-0.098,0.987,0.01,0.1,36.3,65.32,23.35,992.65,1687167057,other
663,742,742,2023/06/19 18:30:58.714,27,2.81,61.7,10.2,-16.2,-0.097,0.986,0.01,0.2,39.0,65.38,23.33,992.62,1687167058,other
664,743,743,2023/06/19 18:30:59.714,28,2.81,62.8,10.2,-19.9,-0.098,0.987,0.01,0.5,35.2,65.37,23.31,992.57,1687167059,other
665,744,744,2023/06/19 18:31:00.714,29,2.81,62.8,9.1,-16.9,-0.097,0.987,0.009,0.5,33.2,65.34,23.35,992.62,1687167060,other
666,745,745,2023/06/19 18:31:01.714,30,2.81,62.8,10.6,-16.9,-0.098,0.986,0.01,0.0,35.3,65.31,23.33,992.68,1687167061,other
667,746,746,2023/06/19 18:31:02.714,31,2.81,63.9,10.6,-15.8,-0.097,0.986,0.01,0.2,38.2,65.38,23.35,992.54,1687167062,other
668,747,747,2023/06/19 18:31:03.714,32,2.81,62.0,10.2,-15.8,-0.097,0.987,0.01,0.3,35.3,65.41,23.35,992.6,1687167063,other
669,748,748,2023/06/19 18:31:04.714,33,2.81,62.4,9.1,-17.7,-0.097,0.986,0.009,0.1,35.8,65.43,23.33,992.6,1687167064,bathing
670,749,749,2023/06/19 18:31:05.714,34,2.81,63.1,9.8,-15.4,-0.097,0.987,0.009,0.0,36.5,65.34,23.35,992.54,1687167065,bathing
671,750,750,2023/06/19 18:31:06.714,35,2.81,64.2,10.6,-14.3,-0.098,0.987,0.009,0.1,36.6,65.37,23.35,992.51,1687167066,bathing
672,751,751,2023/06/19 18:31:07.714,36,2.81,62.8,10.9,-16.2,-0.097,0.987,0.011,0.4,36.4,65.37,23.33,992.7,1687167067,bathing
673,752,752,2023/06/19 18:31:08.714,37,2.81,61.3,10.2,-16.9,-0.097,0.986,0.009,0.2,36.5,65.39,23.31,992.6,1687167068,bathing
674,753,753,2023/06/19 18:31:09.714,38,2.81,63.9,9.8,-14.7,-0.098,0.987,0.009,0.1,36.3,65.36,23.33,992.6,1687167069,bathing
675,754,754,2023/06/19 18:31:10.714,39,2.81,62.0,10.2,-13.6,-0.097,0.987,0.01,0.8,35.3,65.36,23.35,992.57,1687167070,bathing
676,755,755,2023/06/19 18:31:11.714,40,2.81,63.1,10.2,-15.4,-0.098,0.986,0.009,0.0,36.4,65.38,23.31,992.7,1687167071,bathing
677,756,756,2023/06/19 18:31:12.714,41,2.81,63.9,9.1,-14.3,-0.097,0.986,0.011,0.5,34.5,65.37,23.33,992.7,1687167072,bathing
678,757,757,2023/06/19 18:31:13.714,42,2.81,62.0,9.1,-14.7,-0.097,0.986,0.01,0.1,36.9,65.47,23.33,992.73,1687167073,bathing
679,758,758,2023/06/19 18:31:14.714,43,2.81,62.8,11.3,-17.3,-0.097,0.986,0.01,0.1,37.3,65.45,23.31,992.7,1687167074,bathing
680,759,759,2023/06/19 18:31:15.714,44,2.81,64.2,9.8,-15.1,-0.098,0.987,0.01,0.3,37.6,65.42,23.33,992.54,1687167075,bathing
681,760,760,2023/06/19 18:31:16.714,45,2.81,62.0,10.9,-16.6,-0.097,0.986,0.01,0.0,37.6,65.44,23.33,992.62,1687167076,bathing
682,761,761,2023/06/19 18:31:17.714,46,2.81,62.8,9.4,-11.7,-0.098,0.986,0.009,0.6,37.4,65.48,23.33,992.73,1687167077,bathing
683,762,762,2023/06/19 18:31:18.714,47,2.81,62.8,10.2,-14.3,-0.098,0.985,0.01,0.1,37.6,65.43,23.35,992.65,1687167078,bathing
684,763,763,2023/06/19 18:31:19.714,48,2.81,62.4,9.1,-15.1,-0.098,0.986,0.009,0.4,37.8,65.45,23.33,992.6,1687167079,bathing
685,764,764,2023/06/19 18:31:20.714,49,2.81,63.1,9.8,-15.8,-0.097,0.986,0.009,0.6,38.6,65.4,23.33,992.65,1687167080,bathing
686,765,765,2023/06/19 18:31:21.714,50,2.81,61.7,10.6,-16.6,-0.098,0.986,0.009,0.1,34.2,65.47,23.33,992.54,1687167081,bathing
687,766,766,2023/06/19 18:31:22.714,51,2.81,63.9,10.6,-17.3,-0.097,0.986,0.01,0.2,37.5,65.5,23.35,992.54,1687167082,bathing
688,767,767,2023/06/19 18:31:23.714,52,2.81,62.0,9.1,-16.2,-0.098,0.986,0.009,0.4,36.2,65.47,23.31,992.54,1687167083,bathing
689,768,768,2023/06/19 18:31:24.714,53,2.81,63.5,10.2,-13.6,-0.097,0.987,0.01,0.0,37.6,65.46,23.33,992.65,1687167084,bathing
690,769,769,2023/06/19 18:31:25.714,54,2.81,62.4,9.4,-15.4,-0.097,0.987,0.01,0.1,34.6,65.44,23.35,992.68,1687167085,bathing
691,770,770,2023/06/19 18:31:26.714,55,2.81,63.1,9.8,-15.4,-0.097,0.987,0.01,0.2,35.4,65.48,23.35,992.54,1687167086,bathing
692,771,771,2023/06/19 18:31:27.714,56,2.81,61.7,9.4,-14.7,-0.098,0.986,0.01,0.1,36.5,65.43,23.33,992.57,1687167087,bathing
693,772,772,2023/06/19 18:31:28.714,57,2.81,60.9,11.3,-15.1,-0.098,0.986,0.009,0.0,34.2,65.47,23.33,992.57,1687167088,bathing
694,773,773,2023/06/19 18:31:29.714,58,2.81,62.0,11.6,-14.3,-0.098,0.986,0.009,0.4,33.9,65.42,23.31,992.7,1687167089,bathing
695,774,774,2023/06/19 18:31:30.714,59,2.81,62.8,9.8,-14.7,-0.097,0.987,0.009,0.0,39.7,65.46,23.35,992.7,1687167090,bathing
696,775,775,2023/06/19 18:31:31.714,60,2.81,63.5,10.2,-17.3,-0.098,0.986,0.01,0.4,36.5,65.43,23.29,992.54,1687167091,bathing
697,776,776,2023/06/19 18:31:32.714,61,2.81,61.7,10.2,-15.1,-0.098,0.987,0.01,0.0,36.6,65.44,23.33,992.54,1687167092,bathing
698,777,777,2023/06/19 18:31:33.714,62,2.81,63.1,9.4,-17.7,-0.097,0.986,0.009,0.1,36.5,65.48,23.33,992.57,1687167093,bathing
699,778,778,2023/06/19 18:31:34.714,63,2.81,62.4,10.6,-15.4,-0.098,0.986,0.009,0.2,35.3,65.45,23.31,992.57,1687167094,bathing
700,779,779,2023/06/19 18:31:35.714,64,2.81,63.9,10.2,-15.8,-0.098,0.986,0.01,0.3,36.3,65.49,23.31,992.57,1687167095,bathing
701,780,780,2023/06/19 18:31:36.714,65,2.81,61.7,10.6,-15.4,-0.097,0.986,0.01,0.0,37.3,65.45,23.33,992.65,1687167096,bathing
702,781,781,2023/06/19 18:31:37.714,66,2.81,64.2,9.8,-14.7,-0.097,0.986,0.01,0.2,38.4,65.47,23.29,992.73,1687167097,bathing
703,782,782,2023/06/19 18:31:38.714,67,2.81,63.1,9.4,-16.2,-0.098,0.987,0.009,0.7,36.6,65.48,23.31,992.65,1687167098,bathing
704,783,783,2023/06/19 18:31:39.714,68,2.81,62.0,10.2,-16.6,-0.098,0.987,0.011,0.1,36.3,65.48,23.29,992.62,1687167099,bathing
705,784,784,2023/06/19 18:31:40.714,69,2.81,61.7,10.9,-16.2,-0.097,0.987,0.01,0.1,32.6,65.51,23.29,992.65,1687167100,bathing
706,785,785,2023/06/19 18:31:41.714,70,2.81,63.5,10.9,-19.9,-0.098,0.986,0.01,0.1,36.9,65.51,23.31,992.65,1687167101,bathing
707,786,786,2023/06/19 18:31:42.714,71,2.81,62.4,12.0,-18.1,-0.098,0.986,0.009,0.2,37.8,65.53,23.33,992.68,1687167102,bathing
708,787,787,2023/06/19 18:31:43.714,72,2.81,62.4,10.2,-15.4,-0.098,0.987,0.01,0.1,34.3,65.44,23.31,992.62,1687167103,bathing
709,788,788,2023/06/19 18:31:44.714,73,2.81,62.0,9.8,-17.7,-0.097,0.985,0.009,0.3,37.0,65.53,23.33,992.68,1687167104,bathing
710,789,789,2023/06/19 18:31:45.714,74,2.81,62.8,9.1,-15.4,-0.098,0.987,0.01,0.4,37.8,65.51,23.33,992.65,1687167105,bathing
711,790,790,2023/06/19 18:31:46.714,75,2.81,61.7,10.6,-17.3,-0.097,0.987,0.011,0.1,38.0,65.46,23.29,992.7,1687167106,bathing
712,791,791,2023/06/19 18:31:47.714,76,2.81,61.7,10.9,-15.4,-0.098,0.986,0.009,0.1,35.7,65.53,23.33,992.65,1687167107,bathing
713,792,792,2023/06/19 18:31:48.714,77,2.81,63.9,9.8,-16.6,-0.098,0.986,0.01,0.0,35.8,65.55,23.33,992.54,1687167108,bathing
714,793,793,2023/06/19 18:31:49.714,78,2.81,63.5,10.2,-15.4,-0.097,0.987,0.009,0.2,36.2,65.61,23.35,992.51,1687167109,bathing
715,794,794,2023/06/19 18:31:50.714,79,2.81,62.0,11.6,-15.8,-0.098,0.986,0.009,0.1,35.0,65.48,23.29,992.67,1687167110,bathing
716,795,795,2023/06/19 18:31:51.714,80,2.81,61.3,10.6,-15.1,-0.097,0.987,0.01,0.6,38.3,65.52,23.33,992.7,1687167111,bathing
717,796,796,2023/06/19 18:31:52.714,81,2.81,62.8,9.8,-15.1,-0.098,0.987,0.01,0.6,38.4,65.56,23.29,992.65,1687167112,bathing
718,797,797,2023/06/19 18:31:53.714,82,2.81,62.0,9.8,-13.6,-0.097,0.987,0.009,0.0,38.8,65.54,23.29,992.7,1687167113,bathing
719,798,798,2023/06/19 18:31:54.714,83,2.81,63.1,10.9,-16.6,-0.098,0.987,0.01,0.1,36.5,65.54,23.31,992.65,1687167114,bathing
720,799,799,2023/06/19 18:31:55.714,84,2.81,62.4,10.9,-15.4,-0.097,0.986,0.009,0.6,34.6,65.53,23.33,992.65,1687167115,bathing
721,800,800,2023/06/19 18:31:56.714,85,2.81,63.9,10.6,-15.4,-0.098,0.986,0.01,0.0,34.9,65.57,23.29,992.62,1687167116,bathing
722,801,801,2023/06/19 18:31:57.714,86,2.81,63.5,10.9,-17.3,-0.098,0.987,0.009,0.1,34.1,65.54,23.33,992.68,1687167117,bathing
723,802,802,2023/06/19 18:31:58.714,87,2.81,60.2,11.3,-16.2,-0.098,0.986,0.01,0.0,36.5,65.51,23.29,992.65,1687167118,bathing
724,803,803,2023/06/19 18:31:59.714,88,2.81,62.0,9.8,-16.9,-0.097,0.986,0.009,0.4,38.6,65.55,23.35,992.62,1687167119,bathing
725,804,804,2023/06/19 18:32:00.714,89,2.81,60.9,10.2,-15.4,-0.097,0.986,0.01,0.5,35.2,65.52,23.35,992.67,1687167120,bathing
726,805,805,2023/06/19 18:32:01.714,90,2.81,61.3,10.2,-16.6,-0.098,0.987,0.009,0.2,38.0,65.57,23.29,992.62,1687167121,bathing
727,806,806,2023/06/19 18:32:02.714,91,2.81,61.7,11.3,-16.2,-0.098,0.987,0.01,0.4,37.9,65.58,23.31,992.65,1687167122,bathing
728,807,807,2023/06/19 18:32:03.714,92,2.81,63.5,11.3,-16.6,-0.098,0.986,0.01,0.4,39.4,65.56,23.29,992.68,1687167123,bathing
729,808,808,2023/06/19 18:32:04.714,93,2.81,63.5,9.4,-19.9,-0.098,0.986,0.009,0.1,35.2,65.55,23.29,992.62,1687167124,bathing
730,809,809,2023/06/19 18:32:05.714,94,2.81,62.0,9.4,-15.4,-0.098,0.986,0.009,0.0,37.6,65.58,23.33,992.67,1687167125,bathing
731,810,810,2023/06/19 18:32:06.714,95,2.81,62.4,12.0,-12.8,-0.098,0.987,0.01,0.6,37.1,65.58,23.29,992.65,1687167126,bathing
732,811,811,2023/06/19 18:32:07.714,96,2.81,63.1,9.8,-16.6,-0.097,0.986,0.009,0.2,34.1,65.56,23.29,992.73,1687167127,bathing
733,812,812,2023/06/19 18:32:08.714,97,2.81,63.1,9.4,-16.6,-0.098,0.986,0.009,0.5,35.3,65.48,23.29,992.62,1687167128,bathing
734,813,813,2023/06/19 18:32:09.714,98,2.81,62.0,10.6,-18.4,-0.098,0.987,0.009,0.4,34.4,65.54,23.29,992.67,1687167129,bathing
735,814,814,2023/06/19 18:32:10.714,99,2.81,62.8,9.4,-16.6,-0.097,0.986,0.01,0.1,35.4,65.59,23.29,992.67,1687167130,bathing
736,815,815,2023/06/19 18:32:11.714,100,2.81,61.7,11.6,-15.1,-0.098,0.987,0.01,0.1,39.4,65.57,23.27,992.67,1687167131,bathing
737,816,816,2023/06/19 18:32:12.714,101,2.81,62.8,8.8,-16.9,-0.098,0.987,0.01,0.1,38.1,65.58,23.31,992.65,1687167132,bathing
738,817,817,2023/06/19 18:32:13.714,102,2.81,62.0,10.9,-16.6,-0.098,0.987,0.01,0.1,36.3,65.6,23.31,992.59,1687167133,bathing
739,818,818,2023/06/19 18:32:14.714,103,2.81,62.0,9.4,-13.2,-0.098,0.987,0.01,0.3,34.4,65.59,23.31,992.62,1687167134,bathing
740,819,819,2023/06/19 18:32:15.714,104,2.81,63.1,10.9,-16.2,-0.098,0.987,0.01,0.3,36.5,65.6,23.33,992.65,1687167135,bathing
741,820,820,2023/06/19 18:32:16.714,105,2.81,61.3,9.8,-16.2,-0.098,0.987,0.01,0.0,36.3,65.62,23.31,992.65,1687167136,bathing
742,821,821,2023/06/19 18:32:17.714,106,2.81,62.8,9.8,-16.9,-0.098,0.987,0.009,0.6,35.2,65.62,23.27,992.67,1687167137,bathing
743,822,822,2023/06/19 18:32:18.714,107,2.81,61.3,10.2,-17.7,-0.098,0.987,0.009,0.1,34.9,65.56,23.33,992.65,1687167138,bathing
744,823,823,2023/06/19 18:32:19.714,108,2.81,63.1,10.9,-15.4,-0.098,0.986,0.009,0.2,38.0,65.6,23.33,992.67,1687167139,bathing
745,824,824,2023/06/19 18:32:20.714,109,2.81,62.4,8.8,-15.8,-0.097,0.987,0.01,0.6,38.4,65.62,23.31,992.65,1687167140,bathing
746,825,825,2023/06/19 18:32:21.714,110,2.81,63.5,9.8,-18.1,-0.098,0.987,0.009,0.2,35.2,65.62,23.29,992.65,1687167141,bathing
747,826,826,2023/06/19 18:32:22.714,111,2.81,63.5,10.6,-18.8,-0.097,0.986,0.009,0.8,35.7,65.64,23.33,992.54,1687167142,bathing
748,827,827,2023/06/19 18:32:23.714,112,2.81,61.3,10.2,-16.2,-0.098,0.987,0.009,0.0,34.3,65.6,23.31,992.59,1687167143,bathing
749,828,828,2023/06/19 18:32:24.714,113,2.81,63.5,10.6,-17.3,-0.098,0.986,0.01,0.0,36.5,65.61,23.31,992.65,1687167144,bathing
750,829,829,2023/06/19 18:32:25.714,114,2.81,64.2,9.8,-15.4,-0.098,0.987,0.01,0.1,35.8,65.63,23.31,992.68,1687167145,bathing
751,830,830,2023/06/19 18:32:26.714,115,2.81,62.8,10.6,-16.2,-0.098,0.987,0.01,0.4,35.0,65.65,23.29,992.59,1687167146,bathing
752,831,831,2023/06/19 18:32:27.714,116,2.81,62.0,12.0,-16.9,-0.099,0.987,0.009,0.1,33.4,65.6,23.29,992.65,1687167147,bathing
753,832,832,2023/06/19 18:32:28.714,117,2.81,62.8,10.9,-13.9,-0.099,0.987,0.009,0.2,36.2,65.6,23.31,992.68,1687167148,bathing
754,833,833,2023/06/19 18:32:29.714,118,2.81,62.8,10.2,-15.1,-0.098,0.987,0.01,0.2,38.0,65.59,23.31,992.62,1687167149,bathing
755,834,834,2023/06/19 18:32:30.714,119,2.81,63.9,9.8,-14.7,-0.098,0.987,0.009,0.1,32.0,65.61,23.29,992.65,1687167150,bathing
756,835,835,2023/06/19 18:32:31.714,120,2.81,60.9,11.6,-15.1,-0.098,0.987,0.01,0.2,37.9,65.59,23.31,992.7,1687167151,bathing
757,836,836,2023/06/19 18:32:32.714,121,2.81,63.1,9.8,-15.8,-0.097,0.987,0.009,0.2,34.9,65.66,23.31,992.62,1687167152,bathing
758,837,837,2023/06/19 18:32:33.714,122,2.81,62.4,10.9,-16.2,-0.098,0.986,0.01,0.3,40.1,65.63,23.29,992.65,1687167153,bathing
759,838,838,2023/06/19 18:32:34.714,123,2.81,63.1,10.2,-16.9,-0.098,0.987,0.009,0.4,33.4,65.64,23.29,992.7,1687167154,bathing
760,839,839,2023/06/19 18:32:35.714,124,2.81,62.0,12.0,-14.7,-0.098,0.987,0.008,0.1,32.9,65.66,23.31,992.7,1687167155,bathing
761,840,840,2023/06/19 18:32:36.714,125,2.81,63.1,9.8,-12.1,-0.098,0.986,0.009,0.2,37.0,65.69,23.26,992.68,1687167156,bathing
762,841,841,2023/06/19 18:32:37.714,126,2.81,63.1,10.6,-16.9,-0.099,0.986,0.009,0.6,33.2,65.63,23.27,992.7,1687167157,bathing
763,842,842,2023/06/19 18:32:38.714,127,2.81,61.7,9.8,-16.9,-0.098,0.986,0.008,0.1,35.5,65.69,23.29,992.65,1687167158,bathing
764,843,843,2023/06/19 18:32:39.714,128,2.81,62.4,10.2,-14.3,-0.097,0.987,0.009,0.2,35.4,65.68,23.27,992.65,1687167159,bathing
765,844,844,2023/06/19 18:32:40.714,129,2.81,63.1,10.9,-16.6,-0.098,0.987,0.009,0.0,34.6,65.64,23.27,992.67,1687167160,bathing
766,845,845,2023/06/19 18:32:41.714,130,2.81,62.0,10.2,-17.3,-0.098,0.987,0.008,0.1,34.6,65.66,23.27,992.7,1687167161,bathing
767,846,846,2023/06/19 18:32:42.714,131,2.81,63.1,10.2,-15.1,-0.098,0.987,0.01,0.3,35.5,65.73,23.27,992.7,1687167162,bathing
768,847,847,2023/06/19 18:32:43.714,132,2.81,60.9,9.8,-16.6,-0.098,0.987,0.009,0.4,36.1,65.72,23.29,992.68,1687167163,bathing
769,848,848,2023/06/19 18:32:44.714,133,2.81,62.4,10.6,-16.9,-0.098,0.987,0.009,0.0,35.5,65.69,23.31,992.67,1687167164,bathing
770,849,849,2023/06/19 18:32:45.714,134,2.81,62.4,9.8,-15.4,-0.097,0.987,0.009,0.5,37.1,65.69,23.29,992.67,1687167165,bathing
771,850,850,2023/06/19 18:32:46.714,135,2.81,63.9,10.2,-15.1,-0.098,0.988,0.008,0.0,37.8,65.68,23.27,992.7,1687167166,bathing
772,851,851,2023/06/19 18:32:47.714,136,2.81,62.0,10.2,-17.3,-0.098,0.987,0.009,0.4,36.2,65.71,23.29,992.7,1687167167,bathing
773,852,852,2023/06/19 18:32:48.714,137,2.81,62.0,9.8,-19.6,-0.098,0.987,0.009,0.0,36.9,65.69,23.27,992.7,1687167168,bathing
774,853,853,2023/06/19 18:32:49.714,138,2.81,64.2,11.3,-14.7,-0.098,0.987,0.009,0.1,31.8,65.68,23.27,992.65,1687167169,bathing
775,854,854,2023/06/19 18:32:50.714,139,2.81,62.4,11.3,-14.3,-0.099,0.987,0.008,0.6,38.9,65.65,23.29,992.7,1687167170,bathing
776,855,855,2023/06/19 18:32:51.714,140,2.81,62.0,9.8,-15.4,-0.098,0.987,0.009,0.1,38.8,65.74,23.29,992.67,1687167171,bathing
777,856,856,2023/06/19 18:32:52.714,141,2.81,63.9,9.1,-16.2,-0.098,0.987,0.009,0.4,34.6,65.7,23.26,992.65,1687167172,bathing
778,857,857,2023/06/19 18:32:53.714,142,2.81,61.7,9.8,-18.4,-0.098,0.987,0.009,0.7,34.5,65.68,23.35,992.65,1687167173,bathing
779,858,858,2023/06/19 18:32:54.714,143,2.81,62.4,9.8,-15.8,-0.098,0.987,0.009,0.1,35.2,65.67,23.26,992.62,1687167174,bathing
780,859,859,2023/06/19 18:32:55.714,144,2.81,62.4,10.2,-13.9,-0.098,0.986,0.009,0.5,35.1,65.75,23.27,992.7,1687167175,bathing
781,860,860,2023/06/19 18:32:56.714,145,2.81,63.5,10.2,-17.3,-0.098,0.987,0.009,0.1,35.5,65.68,23.24,992.73,1687167176,bathing
782,861,861,2023/06/19 18:32:57.714,146,2.81,62.8,9.4,-15.8,-0.098,0.986,0.009,0.1,35.7,65.7,23.29,992.65,1687167177,bathing
783,862,862,2023/06/19 18:32:58.714,147,2.81,62.4,10.2,-16.9,-0.098,0.987,0.008,0.2,34.9,65.73,23.29,992.73,1687167178,bathing
784,863,863,2023/06/19 18:32:59.714,148,2.81,62.0,10.6,-15.4,-0.098,0.987,0.009,0.1,39.1,65.71,23.26,992.67,1687167179,bathing
785,864,864,2023/06/19 18:33:00.714,149,2.81,62.8,12.0,-16.9,-0.098,0.987,0.009,0.2,33.4,65.73,23.27,992.62,1687167180,bathing
786,865,865,2023/06/19 18:33:01.714,150,2.81,62.8,9.8,-14.3,-0.098,0.986,0.008,0.0,36.9,65.72,23.26,992.7,1687167181,bathing
787,866,866,2023/06/19 18:33:02.714,151,2.81,62.8,9.1,-16.2,-0.099,0.986,0.009,0.1,34.6,65.71,23.24,992.65,1687167182,bathing
788,867,867,2023/06/19 18:33:03.714,152,2.81,61.7,9.1,-16.9,-0.098,0.987,0.009,0.0,35.2,65.71,23.27,992.67,1687167183,bathing
789,868,868,2023/06/19 18:33:04.714,153,2.81,61.3,8.8,-18.1,-0.098,0.986,0.009,0.2,35.5,65.75,23.29,992.73,1687167184,bathing
790,869,869,2023/06/19 18:33:05.714,154,2.81,62.8,10.6,-16.9,-0.099,0.986,0.009,0.3,32.9,65.77,23.29,992.67,1687167185,bathing
791,870,870,2023/06/19 18:33:06.714,155,2.81,62.0,10.6,-15.1,-0.099,0.986,0.009,0.5,33.0,65.76,23.29,992.7,1687167186,bathing
792,871,871,2023/06/19 18:33:07.714,156,2.81,62.8,9.4,-16.6,-0.098,0.987,0.009,0.4,34.9,65.73,23.27,992.65,1687167187,bathing
793,872,872,2023/06/19 18:33:08.714,157,2.81,62.4,10.6,-17.3,-0.099,0.986,0.01,0.1,36.5,65.66,23.29,992.7,1687167188,bathing
794,873,873,2023/06/19 18:33:09.714,158,2.81,62.8,9.8,-16.6,-0.099,0.986,0.009,0.4,34.9,65.72,23.26,992.67,1687167189,bathing
795,874,874,2023/06/19 18:33:10.714,159,2.81,62.8,11.6,-17.3,-0.098,0.987,0.009,0.1,36.2,65.73,23.27,992.67,1687167190,bathing
796,875,875,2023/06/19 18:33:11.714,160,2.81,62.8,8.4,-18.1,-0.098,0.986,0.01,0.2,35.3,65.71,23.26,992.67,1687167191,bathing
797,876,876,2023/06/19 18:33:12.714,161,2.81,62.4,10.2,-14.3,-0.098,0.987,0.01,0.3,34.9,65.76,23.26,992.67,1687167192,bathing
798,877,877,2023/06/19 18:33:13.714,162,2.81,63.1,11.3,-16.9,-0.098,0.986,0.009,0.1,38.0,65.73,23.26,992.62,1687167193,bathing
799,878,878,2023/06/19 18:33:14.714,163,2.81,62.8,9.4,-16.2,-0.099,0.987,0.009,0.0,35.4,65.76,23.27,992.65,1687167194,bathing
800,879,879,2023/06/19 18:33:15.714,164,2.81,62.0,9.1,-15.8,-0.099,0.986,0.009,0.2,36.3,65.71,23.24,992.7,1687167195,bathing
801,880,880,2023/06/19 18:33:16.714,165,2.81,64.2,10.6,-17.7,-0.099,0.987,0.009,0.3,36.7,65.76,23.27,992.73,1687167196,bathing
802,881,881,2023/06/19 18:33:17.714,166,2.81,62.8,9.8,-16.2,-0.098,0.987,0.009,0.1,40.5,65.76,23.27,992.67,1687167197,bathing
803,882,882,2023/06/19 18:33:18.714,167,2.81,63.5,8.4,-17.3,-0.098,0.987,0.008,0.1,35.3,65.77,23.29,992.67,1687167198,bathing
804,883,883,2023/06/19 18:33:19.714,168,2.81,61.3,11.3,-14.7,-0.098,0.987,0.009,0.0,36.5,65.74,23.22,992.62,1687167199,bathing
805,884,884,2023/06/19 18:33:20.714,169,2.81,63.9,10.6,-16.2,-0.098,0.986,0.008,0.3,37.6,65.8,23.27,992.67,1687167200,bathing
806,885,885,2023/06/19 18:33:21.714,170,2.81,63.9,10.6,-16.2,-0.098,0.987,0.01,0.4,37.5,65.8,23.27,992.7,1687167201,bathing
807,886,886,2023/06/19 18:33:22.714,171,2.81,63.1,10.2,-16.6,-0.098,0.986,0.009,0.0,38.0,65.78,23.27,992.62,1687167202,bathing
808,887,887,2023/06/19 18:33:23.714,172,2.81,64.2,10.9,-15.4,-0.098,0.987,0.009,0.9,36.3,65.79,23.26,992.7,1687167203,bathing
809,888,888,2023/06/19 18:33:24.714,173,2.81,62.0,11.3,-15.1,-0.098,0.987,0.01,0.2,38.0,65.82,23.27,992.62,1687167204,bathing
810,889,889,2023/06/19 18:33:25.714,174,2.81,61.7,9.8,-18.4,-0.098,0.987,0.009,0.0,33.0,65.8,23.26,992.59,1687167205,bathing
811,890,890,2023/06/19 18:33:26.714,175,2.81,64.6,10.9,-15.4,-0.097,0.987,0.009,0.8,37.6,65.79,23.26,992.67,1687167206,bathing
812,891,891,2023/06/19 18:33:27.714,176,2.81,61.7,10.2,-16.9,-0.098,0.987,0.01,0.1,36.4,65.81,23.27,992.7,1687167207,bathing
813,892,892,2023/06/19 18:33:28.714,177,2.81,62.0,10.6,-17.3,-0.098,0.987,0.009,0.4,35.5,65.76,23.27,992.7,1687167208,bathing
814,893,893,2023/06/19 18:33:29.714,178,2.81,62.8,10.2,-17.7,-0.098,0.987,0.009,0.0,35.3,65.8,23.27,992.67,1687167209,bathing
815,894,894,2023/06/19 18:33:30.714,179,2.81,62.0,7.6,-14.7,-0.097,0.987,0.009,0.1,39.4,65.82,23.24,992.67,1687167210,bathing
816,895,895,2023/06/19 18:33:31.714,180,2.81,63.5,9.4,-16.9,-0.098,0.987,0.009,0.0,38.4,65.76,23.26,992.7,1687167211,bathing
817,896,896,2023/06/19 18:33:32.714,181,2.81,62.8,9.8,-14.3,-0.098,0.987,0.009,0.1,38.2,65.82,23.29,992.65,1687167212,bathing
818,897,897,2023/06/19 18:33:33.714,182,2.81,62.8,10.6,-18.1,-0.098,0.987,0.009,0.5,38.1,65.84,23.27,992.67,1687167213,bathing
819,898,898,2023/06/19 18:33:34.714,183,2.81,62.4,10.2,-13.6,-0.098,0.987,0.009,0.1,36.7,65.8,23.26,992.67,1687167214,bathing
820,899,899,2023/06/19 18:33:35.714,184,2.81,63.1,10.2,-15.1,-0.098,0.986,0.009,0.6,33.2,65.83,23.31,992.73,1687167215,bathing
821,900,900,2023/06/19 18:33:36.714,185,2.81,62.8,10.2,-13.2,-0.099,0.987,0.008,0.5,36.4,65.8,23.24,992.73,1687167216,bathing
822,901,901,2023/06/19 18:33:37.714,186,2.81,61.3,10.6,-13.9,-0.098,0.987,0.009,0.1,39.6,65.82,23.26,992.67,1687167217,bathing
823,902,902,2023/06/19 18:33:38.714,187,2.81,62.0,11.3,-14.7,-0.098,0.987,0.009,0.0,32.2,65.84,23.27,992.62,1687167218,bathing
824,903,903,2023/06/19 18:33:39.714,188,2.8,63.1,10.2,-16.6,-0.098,0.987,0.009,0.1,36.5,65.81,23.29,992.7,1687167219,bathing
825,904,904,2023/06/19 18:33:40.714,189,2.8,62.4,9.4,-15.4,-0.098,0.987,0.01,0.4,39.7,65.86,23.29,992.78,1687167220,bathing
826,905,905,2023/06/19 18:33:41.714,190,2.8,63.9,8.8,-15.4,-0.098,0.987,0.008,0.1,37.8,65.86,23.26,992.67,1687167221,bathing
827,906,906,2023/06/19 18:33:42.714,191,2.8,60.9,12.8,-15.4,-0.098,0.987,0.009,0.1,36.2,65.86,23.27,992.7,1687167222,bathing
828,907,907,2023/06/19 18:33:43.714,192,2.8,62.4,10.6,-18.1,-0.098,0.987,0.009,0.2,36.7,65.84,23.29,992.73,1687167223,bathing
829,908,908,2023/06/19 18:33:44.714,193,2.8,62.8,11.3,-14.7,-0.098,0.988,0.01,0.2,37.1,65.83,23.27,992.73,1687167224,bathing
830,909,909,2023/06/19 18:33:45.714,194,2.8,61.7,9.4,-16.2,-0.098,0.986,0.009,0.0,39.1,65.83,23.26,992.67,1687167225,bathing
831,910,910,2023/06/19 18:33:46.714,195,2.8,61.7,10.9,-15.1,-0.098,0.987,0.009,0.1,32.7,65.88,23.26,992.73,1687167226,bathing
832,911,911,2023/06/19 18:33:47.714,196,2.8,60.9,10.2,-16.2,-0.098,0.987,0.009,0.1,37.6,65.86,23.24,992.7,1687167227,bathing
833,912,912,2023/06/19 18:33:48.714,197,2.8,63.5,9.4,-15.8,-0.098,0.987,0.009,0.1,35.3,65.79,23.27,992.7,1687167228,bathing
834,913,913,2023/06/19 18:33:49.714,198,2.8,62.0,11.3,-18.4,-0.098,0.986,0.009,0.0,35.7,65.78,23.24,992.7,1687167229,bathing
835,914,914,2023/06/19 18:33:50.714,199,2.8,63.9,10.9,-16.9,-0.098,0.986,0.008,0.4,36.3,65.85,23.24,992.65,1687167230,bathing
836,915,915,2023/06/19 18:33:51.714,200,2.8,61.7,10.6,-16.6,-0.098,0.987,0.009,0.1,36.3,65.86,23.24,992.75,1687167231,bathing
837,916,916,2023/06/19 18:33:52.714,201,2.8,62.4,10.9,-18.4,-0.098,0.987,0.008,0.1,36.1,65.85,23.26,992.67,1687167232,bathing
838,917,917,2023/06/19 18:33:53.714,202,2.8,63.5,11.3,-15.4,-0.099,0.988,0.009,0.1,36.2,65.87,23.26,992.78,1687167233,bathing
839,918,918,2023/06/19 18:33:54.714,203,2.8,62.0,9.1,-17.7,-0.098,0.987,0.009,0.4,35.4,65.81,23.26,992.7,1687167234,bathing
840,919,919,2023/06/19 18:33:55.714,204,2.8,62.4,10.6,-13.9,-0.098,0.987,0.009,0.1,38.4,65.81,23.26,992.73,1687167235,bathing
841,920,920,2023/06/19 18:33:56.714,205,2.8,62.0,10.2,-13.6,-0.099,0.986,0.009,0.2,38.5,65.84,23.26,992.7,1687167236,bathing
842,921,921,2023/06/19 18:33:57.714,206,2.8,63.1,9.4,-16.9,-0.098,0.986,0.009,0.2,36.2,65.87,23.26,992.78,1687167237,bathing
843,922,922,2023/06/19 18:33:58.714,207,2.8,62.0,9.1,-16.6,-0.098,0.987,0.009,0.1,34.6,65.82,23.27,992.75,1687167238,bathing
844,923,923,2023/06/19 18:33:59.714,208,2.8,63.1,10.2,-18.4,-0.099,0.987,0.009,0.2,34.1,65.86,23.29,992.73,1687167239,bathing
845,924,924,2023/06/19 18:34:00.714,209,2.8,61.3,10.2,-18.8,-0.098,0.986,0.009,0.2,35.3,65.89,23.26,992.73,1687167240,bathing
846,925,925,2023/06/19 18:34:01.714,210,2.8,61.3,9.4,-16.9,-0.098,0.986,0.009,0.3,35.8,65.86,23.29,992.75,1687167241,bathing
847,926,926,2023/06/19 18:34:02.714,211,2.8,64.6,10.2,-14.3,-0.098,0.986,0.008,0.7,33.7,65.85,23.27,992.73,1687167242,bathing
848,927,927,2023/06/19 18:34:03.714,212,2.8,63.1,10.9,-15.8,-0.098,0.986,0.009,0.0,35.5,65.84,23.27,992.78,1687167243,bathing
849,928,928,2023/06/19 18:34:04.714,213,2.8,60.9,10.2,-18.1,-0.098,0.986,0.009,0.2,34.9,65.84,23.26,992.78,1687167244,bathing
850,929,929,2023/06/19 18:34:05.714,214,2.8,61.3,11.6,-15.1,-0.098,0.987,0.008,0.1,34.5,65.83,23.26,992.73,1687167245,bathing
851,930,930,2023/06/19 18:34:06.714,215,2.8,62.0,11.3,-15.4,-0.098,0.987,0.009,0.0,31.5,65.84,23.26,992.7,1687167246,bathing
852,931,931,2023/06/19 18:34:07.714,216,2.8,60.6,10.9,-15.4,-0.097,0.988,0.009,0.1,36.2,65.82,23.26,992.75,1687167247,bathing
853,932,932,2023/06/19 18:34:08.714,217,2.8,62.0,9.8,-16.9,-0.099,0.987,0.008,0.0,35.8,65.92,23.26,992.7,1687167248,bathing
854,933,933,2023/06/19 18:34:09.714,218,2.8,63.1,10.2,-19.2,-0.098,0.987,0.01,0.1,39.3,65.88,23.24,992.75,1687167249,bathing
855,934,934,2023/06/19 18:34:10.714,219,2.8,62.8,11.3,-16.9,-0.099,0.987,0.008,0.1,39.4,65.9,23.27,992.73,1687167250,bathing
856,935,935,2023/06/19 18:34:11.714,220,2.8,62.4,9.8,-19.2,-0.098,0.987,0.008,0.1,39.1,65.89,23.27,992.7,1687167251,bathing
857,936,936,2023/06/19 18:34:12.714,221,2.8,62.4,10.6,-15.1,-0.098,0.987,0.009,0.5,34.2,65.88,23.26,992.75,1687167252,bathing
858,937,937,2023/06/19 18:34:13.714,222,2.8,63.1,10.9,-15.8,-0.098,0.987,0.008,0.8,35.7,65.9,23.27,992.67,1687167253,bathing
859,938,938,2023/06/19 18:34:14.714,223,2.8,64.2,10.9,-15.1,-0.099,0.986,0.009,0.7,37.6,65.88,23.27,992.67,1687167254,bathing
860,939,939,2023/06/19 18:34:15.714,224,2.8,63.1,10.2,-14.3,-0.098,0.987,0.009,0.2,37.8,65.89,23.29,992.7,1687167255,bathing
861,940,940,2023/06/19 18:34:16.714,225,2.8,62.8,8.8,-17.3,-0.099,0.987,0.009,0.6,35.8,65.82,23.26,992.67,1687167256,bathing
862,941,941,2023/06/19 18:34:17.714,226,2.8,61.7,10.2,-14.3,-0.099,0.987,0.009,0.1,35.7,65.9,23.27,992.65,1687167257,bathing
863,942,942,2023/06/19 18:34:18.714,227,2.8,63.5,10.2,-15.8,-0.098,0.987,0.009,0.1,35.8,65.89,23.26,992.73,1687167258,bathing
864,943,943,2023/06/19 18:34:19.714,228,2.8,60.2,10.6,-16.6,-0.098,0.987,0.009,0.4,31.0,65.88,23.26,992.7,1687167259,bathing
865,944,944,2023/06/19 18:34:20.714,229,2.8,63.5,10.2,-15.4,-0.098,0.987,0.008,0.2,33.7,65.98,23.26,992.7,1687167260,bathing
866,945,945,2023/06/19 18:34:21.714,230,2.8,62.0,9.8,-16.2,-0.099,0.987,0.008,0.2,31.0,65.88,23.26,992.7,1687167261,bathing
867,946,946,2023/06/19 18:34:22.714,231,2.8,63.1,11.6,-17.7,-0.098,0.987,0.009,0.2,34.6,65.84,23.26,992.7,1687167262,bathing
868,947,947,2023/06/19 18:34:23.714,232,2.8,63.5,9.8,-15.4,-0.098,0.987,0.009,0.0,37.3,65.88,23.24,992.67,1687167263,bathing
869,948,948,2023/06/19 18:34:24.714,233,2.8,62.4,10.9,-15.8,-0.098,0.987,0.008,0.4,36.6,65.88,23.29,992.65,1687167264,bathing
870,949,949,2023/06/19 18:34:25.714,234,2.8,63.1,10.2,-17.3,-0.098,0.986,0.009,0.4,30.1,65.83,23.26,992.67,1687167265,bathing
871,950,950,2023/06/19 18:34:26.714,235,2.8,61.7,9.8,-16.2,-0.098,0.987,0.009,0.3,36.5,65.93,23.26,992.67,1687167266,bathing
872,951,951,2023/06/19 18:34:27.714,236,2.8,63.5,10.6,-16.6,-0.098,0.987,0.009,0.1,33.6,65.91,23.27,992.67,1687167267,bathing
873,952,952,2023/06/19 18:34:28.714,237,2.8,63.9,10.2,-16.9,-0.098,0.987,0.009,0.3,38.1,65.86,23.26,992.78,1687167268,bathing
874,953,953,2023/06/19 18:34:29.714,238,2.8,63.1,10.9,-18.1,-0.098,0.987,0.01,0.4,36.7,65.87,23.24,992.73,1687167269,bathing
875,954,954,2023/06/19 18:34:30.714,239,2.8,62.4,8.8,-16.2,-0.098,0.987,0.01,0.3,35.8,65.96,23.26,992.75,1687167270,bathing
876,955,955,2023/06/19 18:34:31.714,240,2.8,62.4,8.8,-15.4,-0.098,0.986,0.009,0.2,35.0,65.84,23.22,992.65,1687167271,bathing
877,956,956,2023/06/19 18:34:32.714,241,2.8,63.9,9.8,-15.1,-0.098,0.986,0.008,0.0,38.1,65.88,23.26,992.75,1687167272,bathing
878,957,957,2023/06/19 18:34:33.714,242,2.8,62.8,9.1,-15.8,-0.098,0.986,0.009,0.2,36.5,65.87,23.31,992.7,1687167273,bathing
879,958,958,2023/06/19 18:34:34.714,243,2.8,63.9,10.9,-12.4,-0.097,0.988,0.008,0.2,34.9,65.86,23.24,992.67,1687167274,bathing
880,959,959,2023/06/19 18:34:35.714,244,2.8,62.0,9.8,-15.4,-0.099,0.987,0.009,0.1,37.8,65.89,23.26,992.75,1687167275,bathing
881,960,960,2023/06/19 18:34:36.714,245,2.8,60.9,9.1,-15.4,-0.097,0.986,0.01,0.1,33.8,65.89,23.27,992.7,1687167276,bathing
882,961,961,2023/06/19 18:34:37.714,246,2.8,62.0,8.4,-12.0,-0.098,0.986,0.01,0.5,33.9,65.85,23.24,992.75,1687167277,bathing
883,962,962,2023/06/19 18:34:38.714,247,2.8,62.4,9.8,-14.3,-0.098,0.987,0.008,0.5,39.8,65.9,23.24,992.67,1687167278,bathing
884,963,963,2023/06/19 18:34:39.714,248,2.8,61.3,10.2,-14.7,-0.098,0.987,0.009,0.2,36.0,65.86,23.27,992.7,1687167279,bathing
885,964,964,2023/06/19 18:34:40.714,249,2.8,62.8,10.6,-14.7,-0.099,0.987,0.009,0.1,34.8,65.81,23.26,992.7,1687167280,bathing
886,965,965,2023/06/19 18:34:41.714,250,2.8,63.5,9.8,-18.1,-0.098,0.986,0.009,0.7,35.8,65.94,23.24,992.65,1687167281,bathing
887,966,966,2023/06/19 18:34:42.714,251,2.8,64.6,9.8,-14.7,-0.098,0.987,0.009,0.0,37.6,65.89,23.27,992.65,1687167282,bathing
888,967,967,2023/06/19 18:34:43.714,252,2.8,63.1,9.8,-18.1,-0.098,0.987,0.009,0.3,35.1,65.92,23.24,992.65,1687167283,bathing
889,968,968,2023/06/19 18:34:44.714,253,2.8,64.2,10.6,-12.4,-0.098,0.987,0.009,0.4,34.1,65.93,23.26,992.73,1687167284,bathing
890,969,969,2023/06/19 18:34:45.704,254,2.8,64.2,9.4,-15.4,-0.098,0.987,0.009,0.1,35.5,65.88,23.26,992.7,1687167285,bathing
891,970,970,2023/06/19 18:34:46.694,255,2.8,62.8,10.9,-16.9,-0.098,0.987,0.009,0.9,36.1,65.93,23.26,992.7,1687167286,bathing
892,971,971,2023/06/19 18:34:47.684,0,2.8,60.9,10.6,-15.1,-0.098,0.987,0.008,0.1,38.2,65.88,23.22,992.7,1687167287,bathing
893,972,972,2023/06/19 18:34:48.674,1,2.8,62.0,8.8,-12.8,-0.098,0.986,0.009,0.2,35.4,65.95,23.22,992.7,1687167288,bathing
894,973,973,2023/06/19 18:34:49.664,2,2.8,62.8,10.2,-15.8,-0.099,0.987,0.009,0.0,36.5,65.86,23.24,992.67,1687167289,bathing
895,974,974,2023/06/19 18:34:50.654,3,2.8,63.5,12.0,-16.9,-0.097,0.987,0.009,0.2,36.3,65.88,23.22,992.73,1687167290,bathing
896,975,975,2023/06/19 18:34:51.644,4,2.8,62.4,10.2,-18.1,-0.098,0.986,0.009,0.3,36.3,65.9,23.26,992.75,1687167291,bathing
897,976,976,2023/06/19 18:34:52.634,5,2.8,61.3,9.1,-14.3,-0.098,0.987,0.009,0.1,39.4,65.91,23.27,992.7,1687167292,bathing
898,977,977,2023/06/19 18:34:53.624,6,2.8,62.8,8.8,-16.2,-0.098,0.986,0.008,0.2,36.5,65.91,23.24,992.65,1687167293,bathing
899,978,978,2023/06/19 18:34:54.614,7,2.8,62.0,9.8,-16.6,-0.098,0.987,0.009,0.0,39.3,65.9,23.26,992.67,1687167294,bathing
900,979,979,2023/06/19 18:34:55.604,8,2.8,62.0,9.4,-13.6,-0.098,0.987,0.008,0.3,35.4,65.93,23.22,992.73,1687167295,bathing
901,980,980,2023/06/19 18:34:56.594,9,2.8,61.7,8.4,-14.7,-0.098,0.987,0.009,0.1,37.9,65.85,23.24,992.67,1687167296,bathing
902,981,981,2023/06/19 18:34:57.584,10,2.8,63.1,9.8,-16.2,-0.099,0.987,0.009,0.1,42.1,65.91,23.26,992.7,1687167297,bathing
903,982,982,2023/06/19 18:34:58.574,11,2.8,62.0,10.6,-13.9,-0.099,0.987,0.009,0.2,33.8,65.86,23.22,992.67,1687167298,bathing
904,983,983,2023/06/19 18:34:59.564,12,2.8,63.1,10.2,-13.6,-0.098,0.986,0.009,0.0,39.6,65.9,23.2,992.65,1687167299,bathing
905,984,984,2023/06/19 18:35:00.554,13,2.8,62.4,9.4,-13.9,-0.098,0.986,0.008,0.6,36.3,65.94,23.22,992.7,1687167300,bathing
906,985,985,2023/06/19 18:35:01.544,14,2.8,62.0,10.9,-14.7,-0.098,0.986,0.009,0.0,34.2,65.91,23.22,992.67,1687167301,bathing
907,986,986,2023/06/19 18:35:02.534,15,2.8,63.9,12.0,-15.4,-0.098,0.986,0.009,0.0,33.9,65.92,23.2,992.73,1687167302,bathing
908,987,987,2023/06/19 18:35:03.524,16,2.8,63.5,9.4,-13.9,-0.099,0.987,0.01,0.1,37.8,65.91,23.27,992.73,1687167303,bathing
909,988,988,2023/06/19 18:35:04.514,17,2.8,62.0,9.8,-15.8,-0.098,0.987,0.009,0.6,35.0,65.93,23.22,992.67,1687167304,bathing
910,989,989,2023/06/19 18:35:05.504,18,2.8,63.5,11.6,-16.2,-0.098,0.987,0.009,0.1,34.0,65.93,23.26,992.7,1687167305,bathing
911,990,990,2023/06/19 18:35:06.494,19,2.8,63.5,9.8,-16.6,-0.098,0.987,0.009,0.1,36.7,65.9,23.24,992.73,1687167306,bathing
912,991,991,2023/06/19 18:35:07.484,20,2.8,62.8,11.3,-15.4,-0.098,0.987,0.01,0.4,35.4,65.88,23.22,992.78,1687167307,bathing
913,992,992,2023/06/19 18:35:08.474,21,2.8,62.0,10.6,-17.3,-0.098,0.986,0.008,0.2,38.3,65.92,23.22,992.67,1687167308,bathing
914,993,993,2023/06/19 18:35:09.464,22,2.8,60.9,9.8,-14.7,-0.098,0.987,0.009,0.2,34.2,65.91,23.2,992.7,1687167309,bathing
915,994,994,2023/06/19 18:35:10.454,23,2.8,63.1,10.2,-17.7,-0.098,0.987,0.008,0.1,33.4,65.97,23.27,992.7,1687167310,bathing
916,995,995,2023/06/19 18:35:11.444,24,2.8,61.7,11.3,-17.3,-0.098,0.987,0.008,0.0,36.9,65.93,23.22,992.81,1687167311,bathing
917,996,996,2023/06/19 18:35:12.434,25,2.8,61.3,9.8,-18.8,-0.099,0.987,0.01,0.4,37.4,65.88,23.24,992.73,1687167312,bathing
918,997,997,2023/06/19 18:35:13.424,26,2.8,62.8,7.6,-18.1,-0.098,0.986,0.008,0.0,34.5,65.89,23.24,992.67,1687167313,bathing
919,998,998,2023/06/19 18:35:14.414,27,2.8,63.5,10.2,-14.3,-0.098,0.986,0.008,0.1,35.4,65.89,23.22,992.65,1687167314,bathing
920,999,999,2023/06/19 18:35:15.404,28,2.8,62.0,10.9,-16.9,-0.098,0.987,0.008,0.2,36.1,65.93,23.22,992.75,1687167315,bathing
921,1000,1000,2023/06/19 18:35:16.394,29,2.8,63.5,10.9,-14.7,-0.099,0.987,0.01,0.4,34.6,65.9,23.2,992.67,1687167316,bathing
922,1001,1001,2023/06/19 18:35:17.384,30,2.8,63.5,8.8,-15.4,-0.098,0.986,0.009,0.2,35.8,65.92,23.22,992.73,1687167317,bathing
923,1002,1002,2023/06/19 18:35:18.374,31,2.8,62.0,8.8,-15.1,-0.099,0.987,0.01,0.4,34.9,65.95,23.24,992.73,1687167318,bathing
924,1003,1003,2023/06/19 18:35:19.364,32,2.8,63.1,11.6,-16.2,-0.098,0.987,0.009,0.1,32.9,65.89,23.22,992.67,1687167319,bathing
925,1004,1004,2023/06/19 18:35:20.354,33,2.8,64.2,10.2,-14.7,-0.098,0.987,0.008,0.2,36.2,65.95,23.2,992.73,1687167320,bathing
926,1005,1005,2023/06/19 18:35:21.344,34,2.8,63.1,10.9,-17.3,-0.098,0.987,0.009,0.1,36.7,65.86,23.22,992.73,1687167321,bathing
927,1006,1006,2023/06/19 18:35:22.344,35,2.8,63.9,9.8,-15.4,-0.098,0.988,0.009,0.1,37.0,65.93,23.22,992.73,1687167322,bathing
928,1007,1007,2023/06/19 18:35:23.344,36,2.8,62.8,8.8,-15.8,-0.098,0.987,0.01,0.0,36.9,65.95,23.22,992.73,1687167323,bathing
929,1008,1008,2023/06/19 18:35:24.344,37,2.8,61.6,11.3,-18.1,-0.098,0.987,0.009,0.2,36.9,65.92,23.22,992.7,1687167324,bathing
930,1009,1009,2023/06/19 18:35:25.344,38,2.8,62.0,10.6,-16.6,-0.098,0.986,0.009,0.2,35.5,65.96,23.2,992.75,1687167325,bathing
931,1010,1010,2023/06/19 18:35:26.344,39,2.8,60.2,11.6,-19.2,-0.099,0.987,0.009,0.2,33.7,65.89,23.2,992.73,1687167326,bathing
932,1011,1011,2023/06/19 18:35:27.344,40,2.8,63.1,9.1,-18.1,-0.098,0.986,0.008,0.3,37.6,65.86,23.2,992.75,1687167327,bathing
933,1012,1012,2023/06/19 18:35:28.344,41,2.8,62.0,10.6,-14.7,-0.099,0.986,0.009,0.6,35.2,65.87,23.22,992.67,1687167328,bathing
934,1013,1013,2023/06/19 18:35:29.344,42,2.8,62.0,9.8,-17.3,-0.098,0.987,0.009,0.1,31.4,65.92,23.26,992.7,1687167329,bathing
935,1014,1014,2023/06/19 18:35:30.344,43,2.8,60.9,10.2,-15.8,-0.097,0.987,0.009,0.6,35.3,65.89,23.2,992.73,1687167330,bathing
936,1015,1015,2023/06/19 18:35:31.344,44,2.8,62.8,10.9,-16.9,-0.098,0.987,0.01,0.4,35.8,65.84,23.22,992.73,1687167331,bathing
937,1016,1016,2023/06/19 18:35:32.344,45,2.8,61.7,12.0,-18.1,-0.098,0.987,0.01,0.0,34.3,65.94,23.22,992.7,1687167332,bathing
938,1017,1017,2023/06/19 18:35:33.344,46,2.8,63.5,11.3,-16.9,-0.098,0.986,0.009,0.2,35.3,65.87,23.22,992.73,1687167333,bathing
939,1018,1018,2023/06/19 18:35:34.344,47,2.8,61.7,10.9,-15.4,-0.098,0.987,0.009,0.1,36.7,65.91,23.24,992.73,1687167334,bathing
940,1019,1019,2023/06/19 18:35:35.344,48,2.8,62.4,11.6,-19.9,-0.098,0.987,0.009,0.1,33.9,65.93,23.24,992.67,1687167335,bathing
941,1020,1020,2023/06/19 18:35:36.344,49,2.8,62.4,9.8,-14.7,-0.098,0.987,0.009,0.1,37.0,65.9,23.24,992.73,1687167336,bathing
942,1021,1021,2023/06/19 18:35:37.344,50,2.8,62.0,10.6,-17.3,-0.098,0.987,0.009,0.8,36.4,65.9,23.22,992.75,1687167337,bathing
943,1022,1022,2023/06/19 18:35:38.344,51,2.8,62.4,9.8,-18.4,-0.098,0.986,0.008,0.0,34.0,65.92,23.22,992.73,1687167338,bathing
944,1023,1023,2023/06/19 18:35:39.344,52,2.8,62.8,9.8,-15.8,-0.098,0.987,0.008,0.2,35.7,65.92,23.22,992.7,1687167339,bathing
945,1024,1024,2023/06/19 18:35:40.344,53,2.8,63.1,10.9,-13.2,-0.098,0.987,0.008,0.0,36.2,65.94,23.24,992.73,1687167340,bathing
946,1025,1025,2023/06/19 18:35:41.344,54,2.8,61.7,11.6,-14.7,-0.099,0.987,0.009,0.3,34.9,65.93,23.2,992.78,1687167341,bathing
947,1026,1026,2023/06/19 18:35:42.344,55,2.8,62.4,9.1,-14.7,-0.098,0.987,0.009,0.1,35.5,65.88,23.2,992.75,1687167342,bathing
948,1027,1027,2023/06/19 18:35:43.344,56,2.8,62.8,10.6,-16.6,-0.099,0.987,0.009,0.1,39.0,65.95,23.22,992.7,1687167343,bathing
949,1028,1028,2023/06/19 18:35:44.344,57,2.8,63.5,10.2,-14.3,-0.098,0.987,0.009,0.1,36.3,65.9,23.2,992.75,1687167344,bathing
950,1029,1029,2023/06/19 18:35:45.344,58,2.8,61.3,9.8,-15.4,-0.098,0.986,0.01,0.3,38.5,65.94,23.26,992.62,1687167345,bathing
951,1030,1030,2023/06/19 18:35:46.344,59,2.8,63.5,10.2,-15.1,-0.098,0.988,0.009,0.0,34.9,65.9,23.22,992.72,1687167346,bathing
952,1031,1031,2023/06/19 18:35:47.344,60,2.8,62.8,10.9,-16.2,-0.099,0.986,0.009,0.2,37.3,65.92,23.22,992.73,1687167347,bathing
953,1032,1032,2023/06/19 18:35:48.344,61,2.8,62.0,12.0,-15.1,-0.098,0.987,0.009,0.2,32.9,65.93,23.2,992.7,1687167348,bathing
954,1033,1033,2023/06/19 18:35:49.344,62,2.8,61.3,8.8,-14.3,-0.098,0.987,0.01,0.4,34.3,65.9,23.24,992.7,1687167349,bathing
955,1034,1034,2023/06/19 18:35:50.344,63,2.8,62.8,11.6,-14.7,-0.098,0.987,0.008,0.1,38.0,65.9,23.2,992.75,1687167350,bathing
956,1035,1035,2023/06/19 18:35:51.344,64,2.8,62.0,11.3,-16.6,-0.098,0.986,0.01,0.0,34.3,65.96,23.22,992.7,1687167351,bathing
957,1036,1036,2023/06/19 18:35:52.344,65,2.8,63.5,8.8,-15.8,-0.098,0.986,0.009,0.0,36.9,65.9,23.24,992.72,1687167352,bathing
958,1037,1037,2023/06/19 18:35:53.344,66,2.8,64.2,11.3,-13.6,-0.098,0.986,0.01,0.3,34.2,65.92,23.24,992.7,1687167353,bathing
959,1038,1038,2023/06/19 18:35:54.344,67,2.8,61.3,9.4,-16.2,-0.097,0.987,0.009,0.3,36.3,65.89,23.24,992.7,1687167354,bathing
960,1039,1039,2023/06/19 18:35:55.344,68,2.8,62.0,10.6,-16.9,-0.098,0.987,0.009,0.4,40.0,65.97,23.24,992.73,1687167355,bathing
961,1040,1040,2023/06/19 18:35:56.344,69,2.8,61.3,9.1,-15.4,-0.098,0.987,0.009,0.2,34.9,65.91,23.24,992.73,1687167356,bathing
962,1041,1041,2023/06/19 18:35:57.344,70,2.8,61.7,10.2,-18.8,-0.098,0.987,0.009,0.3,33.0,65.93,23.24,992.72,1687167357,bathing
963,1042,1042,2023/06/19 18:35:58.344,71,2.8,62.4,9.4,-17.3,-0.099,0.987,0.009,0.1,37.8,65.94,23.26,992.7,1687167358,bathing
964,1043,1043,2023/06/19 18:35:59.344,72,2.8,61.3,9.8,-16.9,-0.099,0.987,0.009,0.2,37.4,65.91,23.2,992.67,1687167359,bathing
965,1044,1044,2023/06/19 18:36:00.344,73,2.8,61.6,9.8,-13.9,-0.098,0.986,0.009,0.2,36.2,65.91,23.22,992.7,1687167360,bathing
966,1045,1045,2023/06/19 18:36:01.344,74,2.8,62.0,12.0,-15.8,-0.098,0.987,0.009,0.1,34.6,65.98,23.24,992.64,1687167361,bathing
967,1046,1046,2023/06/19 18:36:02.344,75,2.8,63.1,8.8,-13.9,-0.098,0.987,0.01,0.4,31.4,65.95,23.22,992.75,1687167362,bathing
968,1047,1047,2023/06/19 18:36:03.344,76,2.8,61.7,8.4,-15.8,-0.098,0.987,0.009,0.2,36.3,65.93,23.24,992.62,1687167363,bathing
969,1048,1048,2023/06/19 18:36:04.344,77,2.8,61.7,11.3,-14.3,-0.099,0.987,0.007,0.0,36.1,65.94,23.22,992.7,1687167364,bathing
970,1049,1049,2023/06/19 18:36:05.344,78,2.8,62.8,11.3,-18.8,-0.098,0.987,0.009,0.1,38.6,65.95,23.24,992.7,1687167365,bathing
971,1050,1050,2023/06/19 18:36:06.344,79,2.8,62.0,9.4,-19.2,-0.098,0.986,0.009,0.0,35.7,65.92,23.26,992.7,1687167366,bathing
972,1051,1051,2023/06/19 18:36:07.344,80,2.8,63.1,9.8,-17.3,-0.098,0.987,0.009,0.5,33.3,65.92,23.22,992.64,1687167367,bathing
973,1052,1052,2023/06/19 18:36:08.344,81,2.8,63.5,10.9,-15.1,-0.098,0.986,0.009,0.1,37.8,65.92,23.24,992.73,1687167368,bathing
974,1053,1053,2023/06/19 18:36:09.344,82,2.8,61.7,10.2,-17.3,-0.098,0.986,0.011,0.3,35.0,65.89,23.24,992.75,1687167369,bathing
975,1054,1054,2023/06/19 18:36:10.344,83,2.8,61.3,10.6,-13.9,-0.098,0.988,0.008,0.5,37.1,65.91,23.2,992.72,1687167370,bathing
976,1055,1055,2023/06/19 18:36:11.344,84,2.8,63.9,9.4,-18.4,-0.098,0.986,0.009,0.2,35.4,65.96,23.24,992.72,1687167371,bathing
977,1056,1056,2023/06/19 18:36:12.344,85,2.8,62.4,9.1,-16.6,-0.098,0.986,0.01,0.1,36.2,65.89,23.2,992.73,1687167372,bathing
978,1057,1057,2023/06/19 18:36:13.344,86,2.8,62.4,10.2,-15.8,-0.099,0.987,0.009,0.2,36.9,65.94,23.22,992.75,1687167373,bathing
979,1058,1058,2023/06/19 18:36:14.344,87,2.8,63.9,10.2,-14.3,-0.097,0.987,0.009,0.8,35.0,65.91,23.26,992.78,1687167374,bathing
980,1059,1059,2023/06/19 18:36:15.344,88,2.8,62.4,9.8,-16.6,-0.098,0.987,0.009,0.2,34.6,65.86,23.24,992.7,1687167375,bathing
981,1060,1060,2023/06/19 18:36:16.344,89,2.8,62.0,10.2,-15.1,-0.098,0.986,0.009,0.2,34.2,65.94,23.22,992.7,1687167376,bathing
982,1061,1061,2023/06/19 18:36:17.344,90,2.8,63.5,9.4,-15.4,-0.099,0.987,0.009,0.0,34.9,65.92,23.22,992.72,1687167377,bathing
983,1062,1062,2023/06/19 18:36:18.344,91,2.8,62.4,9.4,-13.6,-0.098,0.987,0.01,0.3,34.6,65.9,23.22,992.75,1687167378,other
984,1063,1063,2023/06/19 18:36:19.344,92,2.8,61.3,10.9,-12.8,-0.098,0.987,0.008,0.4,34.3,65.9,23.24,992.72,1687167379,other
985,1064,1064,2023/06/19 18:36:20.344,93,2.8,62.8,11.3,-18.4,-0.098,0.987,0.008,0.2,34.3,65.95,23.26,992.75,1687167380,other
986,1065,1065,2023/06/19 18:36:21.344,94,2.8,62.8,9.8,-16.6,-0.098,0.987,0.008,0.1,34.2,65.94,23.22,992.7,1687167381,other
987,1066,1066,2023/06/19 18:36:22.344,95,2.8,60.2,11.3,-16.2,-0.098,0.987,0.009,0.0,34.1,65.92,23.22,992.75,1687167382,other
988,1067,1067,2023/06/19 18:36:23.344,96,2.8,62.0,9.8,-19.2,-0.098,0.987,0.008,0.0,34.6,65.92,23.18,992.7,1687167383,other
989,1068,1068,2023/06/19 18:36:24.344,97,2.8,62.4,11.6,-18.4,-0.098,0.986,0.008,0.2,30.4,65.86,23.24,992.75,1687167384,other
990,1069,1069,2023/06/19 18:36:25.344,98,2.8,62.4,10.2,-14.7,-0.098,0.986,0.009,0.4,32.0,65.94,23.2,992.75,1687167385,other
991,1070,1070,2023/06/19 18:36:26.344,99,2.8,63.5,10.6,-14.7,-0.098,0.988,0.009,0.5,34.4,65.9,23.2,992.72,1687167386,other
992,1071,1071,2023/06/19 18:36:27.344,100,2.8,63.1,11.3,-18.4,-0.098,0.986,0.01,0.0,35.9,65.93,23.17,992.7,1687167387,other
993,1072,1072,2023/06/19 18:36:28.344,101,2.8,62.4,11.3,-16.9,-0.098,0.986,0.009,0.1,35.1,65.92,23.18,992.72,1687167388,other
994,1073,1073,2023/06/19 18:36:29.344,102,2.8,62.4,8.4,-13.2,-0.098,0.987,0.008,0.4,38.2,65.92,23.15,992.7,1687167389,other
995,1074,1074,2023/06/19 18:36:30.344,103,2.8,62.4,10.6,-16.2,-0.098,0.986,0.009,0.4,34.6,65.96,23.27,992.7,1687167390,other
996,1075,1075,2023/06/19 18:36:31.344,104,2.8,62.0,9.8,-13.9,-0.098,0.987,0.009,0.2,34.3,65.92,23.22,992.75,1687167391,other
997,1076,1076,2023/06/19 18:36:32.344,105,2.8,62.0,10.9,-16.9,-0.098,0.987,0.01,0.4,35.0,65.95,23.2,992.81,1687167392,other
998,1077,1077,2023/06/19 18:36:33.344,106,2.8,63.1,10.9,-20.7,-0.099,0.986,0.009,0.1,35.5,65.91,23.18,992.72,1687167393,other
999,1078,1078,2023/06/19 18:36:34.344,107,2.8,61.7,9.4,-16.9,-0.099,0.987,0.009,0.1,31.4,65.87,23.2,992.81,1687167394,watchingTV
1000,1079,1079,2023/06/19 18:36:35.344,108,2.8,63.1,9.4,-18.4,-0.098,0.988,0.009,0.2,35.8,65.84,23.24,992.75,1687167395,watchingTV
1001,1080,1080,2023/06/19 18:36:36.344,109,2.8,61.3,10.2,-13.6,-0.098,0.987,0.008,0.2,34.9,65.95,23.22,992.7,1687167396,watchingTV
1002,1081,1081,2023/06/19 18:36:37.344,110,2.8,63.5,10.6,-15.8,-0.098,0.987,0.009,0.0,34.6,65.96,23.26,992.81,1687167397,watchingTV
1003,1082,1082,2023/06/19 18:36:38.344,111,2.8,61.3,10.6,-18.4,-0.098,0.986,0.008,0.1,36.2,65.93,23.2,992.7,1687167398,watchingTV
1004,1083,1083,2023/06/19 18:36:39.344,112,2.8,62.0,9.4,-16.2,-0.099,0.987,0.01,0.2,37.4,65.96,23.26,992.75,1687167399,watchingTV
1005,1084,1084,2023/06/19 18:36:40.344,113,2.8,61.7,10.2,-15.4,-0.098,0.986,0.009,0.1,34.0,65.9,23.22,992.72,1687167400,watchingTV
1006,1085,1085,2023/06/19 18:36:41.344,114,2.8,62.0,11.3,-14.7,-0.098,0.987,0.009,0.3,37.0,65.92,23.18,992.75,1687167401,watchingTV
1007,1086,1086,2023/06/19 18:36:42.344,115,2.8,62.0,9.8,-19.2,-0.098,0.987,0.008,0.2,35.1,65.91,23.22,992.75,1687167402,watchingTV
1008,1087,1087,2023/06/19 18:36:43.344,116,2.8,61.3,9.8,-15.8,-0.099,0.987,0.009,0.0,33.0,65.91,23.18,992.7,1687167403,watchingTV
1009,1088,1088,2023/06/19 18:36:44.344,117,2.8,62.8,11.3,-16.9,-0.099,0.987,0.008,0.1,33.4,65.9,23.22,992.75,1687167404,watchingTV
1010,1089,1089,2023/06/19 18:36:45.344,118,2.8,63.1,10.9,-16.2,-0.098,0.987,0.009,0.1,37.8,65.9,23.24,992.75,1687167405,watchingTV
1011,1090,1090,2023/06/19 18:36:46.344,119,2.8,62.8,11.3,-16.2,-0.098,0.987,0.009,0.1,35.8,65.9,23.22,992.7,1687167406,watchingTV
1012,1091,1091,2023/06/19 18:36:47.344,120,2.8,61.6,9.4,-16.6,-0.098,0.986,0.009,0.2,36.7,65.92,23.2,992.72,1687167407,watchingTV
1013,1092,1092,2023/06/19 18:36:48.344,121,2.8,60.2,10.9,-16.2,-0.098,0.987,0.01,0.4,36.5,65.96,23.24,992.75,1687167408,watchingTV
1014,1093,1093,2023/06/19 18:36:49.344,122,2.8,64.2,10.9,-13.6,-0.098,0.987,0.009,0.0,35.9,65.97,23.2,992.72,1687167409,watchingTV
1015,1094,1094,2023/06/19 18:36:50.344,123,2.8,62.0,10.9,-16.9,-0.098,0.986,0.01,0.4,36.7,65.89,23.18,992.67,1687167410,watchingTV
1016,1095,1095,2023/06/19 18:36:51.344,124,2.8,62.0,10.6,-16.2,-0.098,0.987,0.009,0.0,32.7,65.93,23.22,992.81,1687167411,watchingTV
1017,1096,1096,2023/06/19 18:36:52.344,125,2.8,62.8,9.8,-13.6,-0.099,0.987,0.009,0.2,37.8,65.92,23.26,992.81,1687167412,watchingTV
1018,1097,1097,2023/06/19 18:36:53.344,126,2.8,60.9,10.2,-15.4,-0.098,0.986,0.009,0.1,34.3,65.89,23.2,992.75,1687167413,watchingTV
1019,1098,1098,2023/06/19 18:36:54.344,127,2.8,62.0,10.9,-14.7,-0.098,0.987,0.01,0.1,36.3,65.9,23.22,992.83,1687167414,watchingTV
1020,1099,1099,2023/06/19 18:36:55.344,128,2.8,62.8,10.2,-17.7,-0.098,0.987,0.01,0.2,33.5,65.9,23.22,992.81,1687167415,watchingTV
1021,1100,1100,2023/06/19 18:36:56.344,129,2.8,60.2,10.6,-17.3,-0.098,0.986,0.009,0.6,33.5,65.93,23.18,992.75,1687167416,watchingTV
1022,1101,1101,2023/06/19 18:36:57.344,130,2.8,60.6,10.9,-13.2,-0.099,0.987,0.01,0.3,33.4,65.93,23.22,992.81,1687167417,watchingTV
1023,1102,1102,2023/06/19 18:36:58.344,131,2.8,62.0,9.4,-16.6,-0.098,0.987,0.01,0.5,35.8,65.94,23.24,992.81,1687167418,watchingTV
1024,1103,1103,2023/06/19 18:36:59.344,132,2.8,61.7,10.2,-16.6,-0.098,0.987,0.01,0.3,34.8,65.93,23.2,992.72,1687167419,watchingTV
1025,1104,1104,2023/06/19 18:37:00.344,133,2.8,61.3,10.2,-16.2,-0.098,0.986,0.01,0.1,36.3,65.9,23.18,992.81,1687167420,watchingTV
1026,1105,1105,2023/06/19 18:37:01.344,134,2.8,61.6,9.8,-14.3,-0.099,0.987,0.009,0.3,35.5,65.92,23.2,992.78,1687167421,watchingTV
1027,1106,1106,2023/06/19 18:37:02.344,135,2.8,63.9,9.8,-14.3,-0.098,0.987,0.009,0.3,36.3,65.92,23.22,992.75,1687167422,watchingTV
1028,1107,1107,2023/06/19 18:37:03.344,136,2.8,62.0,10.6,-18.1,-0.098,0.986,0.01,0.3,36.1,65.85,23.26,992.81,1687167423,watchingTV
1029,1108,1108,2023/06/19 18:37:04.344,137,2.8,62.4,10.6,-13.9,-0.097,0.987,0.009,0.4,35.4,65.88,23.2,992.81,1687167424,watchingTV
1030,1109,1109,2023/06/19 18:37:05.344,138,2.8,62.4,9.1,-17.3,-0.098,0.987,0.009,0.2,36.3,65.95,23.2,992.75,1687167425,watchingTV
1031,1110,1110,2023/06/19 18:37:06.344,139,2.8,62.4,10.6,-16.6,-0.098,0.986,0.009,0.4,33.4,65.93,23.18,992.75,1687167426,watchingTV
1032,1111,1111,2023/06/19 18:37:07.344,140,2.8,62.4,10.6,-15.4,-0.098,0.987,0.01,0.4,36.3,65.9,23.2,992.78,1687167427,watchingTV
1033,1112,1112,2023/06/19 18:37:08.344,141,2.8,62.0,11.3,-17.3,-0.098,0.987,0.009,0.2,35.5,65.92,23.2,992.72,1687167428,watchingTV
1034,1113,1113,2023/06/19 18:37:09.344,142,2.8,62.0,11.6,-14.7,-0.098,0.987,0.009,0.1,32.7,65.93,23.22,992.81,1687167429,watchingTV
1035,1114,1114,2023/06/19 18:37:10.344,143,2.8,61.7,10.9,-13.9,-0.098,0.987,0.01,0.5,35.0,65.93,23.22,992.75,1687167430,watchingTV
1036,1115,1115,2023/06/19 18:37:11.344,144,2.8,62.0,11.6,-18.8,-0.098,0.987,0.01,0.2,35.0,65.94,23.2,992.78,1687167431,watchingTV
1037,1116,1116,2023/06/19 18:37:12.344,145,2.8,63.1,11.3,-16.9,-0.098,0.987,0.009,0.2,34.4,65.83,23.2,992.78,1687167432,watchingTV
1038,1117,1117,2023/06/19 18:37:13.344,146,2.8,63.1,10.9,-13.6,-0.098,0.987,0.009,0.2,34.9,65.91,23.2,992.81,1687167433,watchingTV
1039,1118,1118,2023/06/19 18:37:14.344,147,2.8,62.0,10.6,-16.6,-0.098,0.986,0.009,0.2,35.4,65.9,23.24,992.75,1687167434,watchingTV
1040,1119,1119,2023/06/19 18:37:15.344,148,2.8,62.8,10.9,-15.4,-0.098,0.987,0.009,0.0,38.3,65.86,23.2,992.78,1687167435,watchingTV
1041,1120,1120,2023/06/19 18:37:16.344,149,2.8,63.1,9.8,-17.3,-0.098,0.987,0.009,0.2,35.0,65.86,23.24,992.72,1687167436,watchingTV
1042,1121,1121,2023/06/19 18:37:17.344,150,2.8,62.8,10.6,-14.3,-0.098,0.986,0.009,0.8,39.9,65.92,23.18,992.72,1687167437,watchingTV
1043,1122,1122,2023/06/19 18:37:18.344,151,2.8,61.6,9.4,-15.1,-0.098,0.988,0.01,0.1,35.0,65.95,23.2,992.72,1687167438,watchingTV
1044,1123,1123,2023/06/19 18:37:19.344,152,2.8,62.8,10.6,-13.9,-0.098,0.987,0.009,0.1,34.4,65.86,23.22,992.72,1687167439,watchingTV
1045,1124,1124,2023/06/19 18:37:20.344,153,2.8,63.5,10.2,-15.1,-0.097,0.986,0.01,0.0,36.3,65.87,23.2,992.75,1687167440,watchingTV
1046,1125,1125,2023/06/19 18:37:21.344,154,2.8,63.5,10.9,-18.8,-0.098,0.986,0.008,0.2,36.5,65.91,23.22,992.72,1687167441,watchingTV
1047,1126,1126,2023/06/19 18:37:22.344,155,2.8,62.8,9.4,-15.4,-0.098,0.986,0.01,0.1,35.5,65.9,23.22,992.72,1687167442,watchingTV
1048,1127,1127,2023/06/19 18:37:23.344,156,2.8,62.8,9.8,-15.4,-0.098,0.987,0.009,0.4,33.1,65.83,23.22,992.72,1687167443,watchingTV
1049,1128,1128,2023/06/19 18:37:24.344,157,2.8,61.6,11.6,-15.8,-0.097,0.986,0.009,0.2,37.4,65.88,23.24,992.81,1687167444,watchingTV
1050,1129,1129,2023/06/19 18:37:25.344,158,2.8,63.1,10.6,-16.2,-0.098,0.986,0.009,0.1,35.0,65.86,23.2,992.78,1687167445,watchingTV
1051,1130,1130,2023/06/19 18:37:26.344,159,2.8,63.9,9.4,-12.4,-0.098,0.985,0.009,0.2,36.3,65.85,23.24,992.75,1687167446,watchingTV
1052,1131,1131,2023/06/19 18:37:27.344,160,2.8,62.8,9.4,-14.3,-0.098,0.987,0.009,0.4,38.6,65.9,23.2,992.81,1687167447,watchingTV
1053,1132,1132,2023/06/19 18:37:28.344,161,2.8,62.0,10.6,-15.4,-0.097,0.987,0.01,0.0,33.1,65.87,23.22,992.78,1687167448,watchingTV
1054,1133,1133,2023/06/19 18:37:29.344,162,2.8,62.4,10.6,-16.6,-0.098,0.986,0.009,0.0,35.8,65.9,23.26,992.72,1687167449,watchingTV
1055,1134,1134,2023/06/19 18:37:30.344,163,2.8,63.1,9.4,-18.1,-0.099,0.987,0.008,0.1,37.1,65.85,23.22,992.75,1687167450,watchingTV
1056,1135,1135,2023/06/19 18:37:31.344,164,2.8,63.1,8.0,-16.6,-0.098,0.987,0.01,0.1,38.6,65.83,23.22,992.72,1687167451,watchingTV
1057,1136,1136,2023/06/19 18:37:32.344,165,2.8,63.1,9.4,-16.2,-0.098,0.986,0.009,0.2,37.5,65.85,23.2,992.72,1687167452,watchingTV
1058,1137,1137,2023/06/19 18:37:33.344,166,2.8,63.1,9.4,-13.6,-0.098,0.987,0.01,0.4,36.5,65.85,23.2,992.81,1687167453,watchingTV
1059,1138,1138,2023/06/19 18:37:34.344,167,2.8,62.8,10.2,-14.7,-0.097,0.986,0.01,0.1,35.5,65.85,23.22,992.72,1687167454,watchingTV
1060,1139,1139,2023/06/19 18:37:35.344,168,2.8,62.0,10.2,-17.3,-0.098,0.987,0.009,0.2,35.8,65.89,23.24,992.75,1687167455,watchingTV
1061,1140,1140,2023/06/19 18:37:36.344,169,2.8,62.8,11.6,-15.8,-0.098,0.986,0.01,0.2,34.0,65.87,23.2,992.75,1687167456,watchingTV
1062,1141,1141,2023/06/19 18:37:37.344,170,2.8,63.9,11.6,-13.5,-0.098,0.986,0.009,0.4,36.7,65.88,23.2,992.72,1687167457,watchingTV
1063,1142,1142,2023/06/19 18:37:38.344,171,2.8,62.8,9.8,-14.3,-0.097,0.987,0.009,0.3,35.8,65.89,23.24,992.75,1687167458,watchingTV
1064,1143,1143,2023/06/19 18:37:39.344,172,2.8,62.8,9.8,-12.8,-0.098,0.987,0.01,0.4,37.4,65.89,23.22,992.72,1687167459,watchingTV
1065,1144,1144,2023/06/19 18:37:40.344,173,2.8,62.8,8.4,-19.6,-0.098,0.986,0.009,0.2,34.2,65.92,23.22,992.72,1687167460,watchingTV
1066,1145,1145,2023/06/19 18:37:41.344,174,2.8,62.0,10.2,-16.6,-0.097,0.987,0.009,0.2,37.4,65.85,23.24,992.7,1687167461,watchingTV
1067,1146,1146,2023/06/19 18:37:42.344,175,2.8,62.0,9.4,-16.2,-0.097,0.987,0.01,0.3,33.4,65.85,23.22,992.75,1687167462,watchingTV
1068,1147,1147,2023/06/19 18:37:43.344,176,2.8,62.0,9.1,-13.9,-0.098,0.987,0.01,0.2,33.4,65.89,23.26,992.78,1687167463,watchingTV
1069,1148,1148,2023/06/19 18:37:44.344,177,2.8,62.0,10.9,-13.1,-0.098,0.987,0.01,0.5,35.8,65.9,23.22,992.7,1687167464,watchingTV
1070,1149,1149,2023/06/19 18:37:45.344,178,2.8,62.8,9.8,-19.2,-0.098,0.987,0.01,0.0,36.7,65.86,23.22,992.7,1687167465,watchingTV
1071,1150,1150,2023/06/19 18:37:46.344,179,2.8,62.8,9.8,-17.7,-0.097,0.986,0.01,0.0,35.5,65.85,23.24,992.72,1687167466,watchingTV
1072,1151,1151,2023/06/19 18:37:47.344,180,2.8,62.8,10.2,-16.6,-0.098,0.987,0.009,0.3,34.4,65.84,23.2,992.78,1687167467,watchingTV
1073,1152,1152,2023/06/19 18:37:48.344,181,2.8,63.1,9.4,-17.7,-0.098,0.987,0.009,0.1,35.0,65.84,23.2,992.72,1687167468,watchingTV
1074,1153,1153,2023/06/19 18:37:49.344,182,2.8,63.1,8.4,-16.9,-0.098,0.986,0.009,0.1,37.1,65.85,23.2,992.75,1687167469,watchingTV
1075,1154,1154,2023/06/19 18:37:50.344,183,2.8,62.8,10.6,-17.7,-0.098,0.987,0.009,0.2,32.9,65.87,23.22,992.81,1687167470,watchingTV
1076,1155,1155,2023/06/19 18:37:51.344,184,2.8,63.5,8.4,-16.6,-0.098,0.986,0.009,0.1,34.0,65.86,23.2,992.72,1687167471,watchingTV
1077,1156,1156,2023/06/19 18:37:52.344,185,2.8,62.8,10.9,-17.7,-0.097,0.986,0.01,0.1,36.7,65.86,23.18,992.7,1687167472,watchingTV
1078,1157,1157,2023/06/19 18:37:53.344,186,2.8,60.2,11.6,-16.6,-0.098,0.986,0.009,0.2,36.4,65.83,23.22,992.7,1687167473,watchingTV
1079,1158,1158,2023/06/19 18:37:54.344,187,2.8,62.0,10.2,-15.1,-0.098,0.986,0.009,0.4,35.6,65.87,23.22,992.75,1687167474,watchingTV
1080,1159,1159,2023/06/19 18:37:55.344,188,2.8,62.4,9.8,-17.7,-0.098,0.986,0.009,0.0,34.3,65.83,23.24,992.75,1687167475,watchingTV
1081,1160,1160,2023/06/19 18:37:56.344,189,2.8,60.2,8.0,-17.7,-0.098,0.986,0.009,0.4,36.5,65.82,23.24,992.81,1687167476,watchingTV
1082,1161,1161,2023/06/19 18:37:57.344,190,2.8,63.1,9.1,-16.6,-0.097,0.986,0.009,0.1,35.0,65.85,23.22,992.75,1687167477,watchingTV
1083,1162,1162,2023/06/19 18:37:58.344,191,2.8,63.1,10.2,-19.2,-0.098,0.986,0.009,0.0,35.1,65.83,23.22,992.7,1687167478,watchingTV
1084,1163,1163,2023/06/19 18:37:59.344,192,2.8,61.6,9.1,-16.9,-0.098,0.987,0.01,0.1,35.9,65.83,23.2,992.75,1687167479,watchingTV
1085,1164,1164,2023/06/19 18:38:00.344,193,2.8,60.9,9.8,-13.9,-0.097,0.987,0.009,0.3,34.0,65.88,23.22,992.72,1687167480,watchingTV
1086,1165,1165,2023/06/19 18:38:01.344,194,2.8,62.4,9.8,-17.3,-0.099,0.987,0.009,0.3,35.4,65.84,23.24,992.75,1687167481,watchingTV
1087,1166,1166,2023/06/19 18:38:02.344,195,2.8,61.3,9.8,-13.6,-0.098,0.987,0.009,0.2,36.0,65.81,23.24,992.75,1687167482,watchingTV
1088,1167,1167,2023/06/19 18:38:03.344,196,2.8,61.7,11.3,-16.6,-0.098,0.986,0.009,0.3,36.7,65.82,23.24,992.75,1687167483,watchingTV
1089,1168,1168,2023/06/19 18:38:04.344,197,2.8,63.1,9.8,-16.2,-0.097,0.987,0.009,0.1,35.5,65.78,23.26,992.7,1687167484,watchingTV
1090,1169,1169,2023/06/19 18:38:05.344,198,2.8,63.1,10.6,-15.8,-0.098,0.987,0.01,0.1,35.4,65.86,23.22,992.7,1687167485,watchingTV
1091,1170,1170,2023/06/19 18:38:06.344,199,2.8,61.6,10.9,-15.1,-0.098,0.987,0.01,0.1,35.0,65.8,23.22,992.72,1687167486,watchingTV
1092,1171,1171,2023/06/19 18:38:07.344,200,2.8,61.7,11.3,-16.6,-0.097,0.987,0.01,0.3,34.6,65.81,23.24,992.81,1687167487,watchingTV
1093,1172,1172,2023/06/19 18:38:08.344,201,2.8,62.0,8.4,-18.4,-0.097,0.987,0.009,0.0,33.9,65.86,23.22,992.72,1687167488,watchingTV
1094,1173,1173,2023/06/19 18:38:09.344,202,2.8,62.8,8.4,-15.8,-0.098,0.987,0.01,0.2,34.7,65.87,23.26,992.75,1687167489,watchingTV
1095,1174,1174,2023/06/19 18:38:10.344,203,2.8,64.6,8.8,-16.6,-0.098,0.987,0.01,0.1,36.7,65.86,23.22,992.7,1687167490,watchingTV
1096,1175,1175,2023/06/19 18:38:11.344,204,2.8,62.0,9.8,-17.3,-0.097,0.987,0.01,0.1,32.0,65.88,23.27,992.75,1687167491,watchingTV
1097,1176,1176,2023/06/19 18:38:12.344,205,2.8,63.1,10.2,-19.6,-0.098,0.987,0.009,0.1,35.8,65.84,23.24,992.7,1687167492,watchingTV
1098,1177,1177,2023/06/19 18:38:13.344,206,2.8,62.4,10.6,-17.7,-0.098,0.986,0.009,0.2,34.6,65.87,23.22,992.72,1687167493,watchingTV
1099,1178,1178,2023/06/19 18:38:14.344,207,2.8,62.8,10.6,-16.6,-0.097,0.986,0.01,0.3,32.7,65.88,23.22,992.72,1687167494,watchingTV
1100,1179,1179,2023/06/19 18:38:15.344,208,2.8,64.6,9.4,-15.4,-0.098,0.987,0.01,0.4,36.3,65.85,23.22,992.78,1687167495,watchingTV
1101,1180,1180,2023/06/19 18:38:16.344,209,2.8,63.5,10.6,-17.3,-0.098,0.987,0.009,0.2,37.8,65.83,23.26,992.67,1687167496,watchingTV
1102,1181,1181,2023/06/19 18:38:17.344,210,2.8,62.4,9.8,-15.8,-0.098,0.986,0.009,0.3,34.6,65.86,23.24,992.73,1687167497,watchingTV
1103,1182,1182,2023/06/19 18:38:18.344,211,2.8,62.8,9.8,-14.7,-0.098,0.987,0.009,0.1,35.4,65.88,23.22,992.81,1687167498,watchingTV
1104,1183,1183,2023/06/19 18:38:19.344,212,2.8,62.4,9.1,-14.3,-0.097,0.986,0.009,0.4,34.7,65.85,23.26,992.78,1687167499,watchingTV
1105,1184,1184,2023/06/19 18:38:20.344,213,2.8,62.4,10.6,-17.7,-0.098,0.987,0.01,0.1,37.0,65.83,23.22,992.75,1687167500,watchingTV
1106,1185,1185,2023/06/19 18:38:21.344,214,2.8,62.8,10.6,-17.3,-0.098,0.987,0.01,0.1,34.4,65.78,23.22,992.75,1687167501,watchingTV
1107,1186,1186,2023/06/19 18:38:22.344,215,2.8,61.3,9.4,-18.1,-0.098,0.988,0.009,0.1,37.8,65.82,23.24,992.72,1687167502,watchingTV
1108,1187,1187,2023/06/19 18:38:23.344,216,2.8,61.3,10.6,-14.7,-0.098,0.987,0.01,0.1,36.3,65.82,23.24,992.7,1687167503,watchingTV
1109,1188,1188,2023/06/19 18:38:24.344,217,2.8,60.9,10.2,-15.8,-0.098,0.987,0.01,0.1,37.0,65.83,23.24,992.7,1687167504,watchingTV
1110,1189,1189,2023/06/19 18:38:25.344,218,2.8,62.4,10.6,-16.2,-0.098,0.987,0.009,0.1,33.4,65.83,23.24,992.7,1687167505,watchingTV
1111,1190,1190,2023/06/19 18:38:26.344,219,2.8,61.7,11.3,-17.3,-0.098,0.986,0.009,0.2,32.7,65.82,23.2,992.75,1687167506,watchingTV
1112,1191,1191,2023/06/19 18:38:27.344,220,2.8,63.5,10.9,-15.1,-0.097,0.986,0.009,0.1,33.5,65.83,23.22,992.7,1687167507,watchingTV
1113,1192,1192,2023/06/19 18:38:28.344,221,2.8,62.8,10.6,-13.9,-0.098,0.987,0.01,0.4,34.4,65.78,23.2,992.75,1687167508,watchingTV
1114,1193,1193,2023/06/19 18:38:29.344,222,2.8,62.4,10.2,-16.6,-0.097,0.987,0.009,0.1,36.7,65.83,23.24,992.78,1687167509,watchingTV
1115,1194,1194,2023/06/19 18:38:30.344,223,2.8,62.8,9.8,-15.1,-0.097,0.987,0.01,0.6,32.4,65.84,23.24,992.78,1687167510,watchingTV
1116,1195,1195,2023/06/19 18:38:31.344,224,2.8,63.1,10.6,-18.1,-0.097,0.987,0.01,0.0,34.9,65.76,23.22,992.75,1687167511,watchingTV
1117,1196,1196,2023/06/19 18:38:32.344,225,2.8,62.0,11.3,-15.1,-0.098,0.986,0.01,0.1,39.2,65.82,23.24,992.78,1687167512,watchingTV
1118,1197,1197,2023/06/19 18:38:33.344,226,2.8,62.0,9.8,-18.1,-0.097,0.986,0.01,0.2,37.3,65.84,23.24,992.78,1687167513,watchingTV
1119,1198,1198,2023/06/19 18:38:34.344,227,2.8,62.4,10.9,-15.8,-0.098,0.986,0.009,0.1,32.9,65.79,23.22,992.78,1687167514,watchingTV
1120,1199,1199,2023/06/19 18:38:35.344,228,2.8,62.8,10.6,-16.9,-0.097,0.986,0.01,0.1,31.0,65.8,23.26,992.78,1687167515,watchingTV
1121,1200,1200,2023/06/19 18:38:36.344,229,2.8,63.1,11.3,-15.1,-0.097,0.986,0.01,0.2,35.0,65.82,23.26,992.75,1687167516,watchingTV
1122,1201,1201,2023/06/19 18:38:37.344,230,2.8,62.4,9.4,-14.7,-0.098,0.987,0.008,0.1,35.5,65.82,23.29,992.78,1687167517,watchingTV
1123,1202,1202,2023/06/19 18:38:38.344,231,2.8,63.1,12.4,-15.4,-0.097,0.986,0.01,0.2,37.1,65.81,23.24,992.7,1687167518,watchingTV
1124,1203,1203,2023/06/19 18:38:39.344,232,2.8,62.8,10.9,-15.1,-0.098,0.987,0.01,0.3,40.5,65.79,23.26,992.78,1687167519,watchingTV
1125,1204,1204,2023/06/19 18:38:40.344,233,2.83,63.1,10.6,-16.6,-0.098,0.987,0.01,0.1,33.5,65.8,23.24,992.78,1687167520,watchingTV
1126,1205,1205,2023/06/19 18:38:41.344,234,2.83,62.4,11.3,-17.7,-0.097,0.986,0.009,0.2,33.5,65.81,23.22,992.78,1687167521,watchingTV
1127,1206,1206,2023/06/19 18:38:42.344,235,2.83,61.7,11.3,-15.1,-0.098,0.987,0.011,0.3,33.6,65.78,23.26,992.81,1687167522,watchingTV
1128,1207,1207,2023/06/19 18:38:43.344,236,2.83,62.4,10.6,-15.8,-0.098,0.986,0.009,0.1,36.6,65.75,23.24,992.72,1687167523,watchingTV
1129,1208,1208,2023/06/19 18:38:44.344,237,2.83,63.1,10.6,-15.4,-0.098,0.986,0.009,0.1,34.8,65.81,23.22,992.67,1687167524,watchingTV
1130,1209,1209,2023/06/19 18:38:45.344,238,2.83,61.3,8.8,-16.9,-0.098,0.986,0.01,0.8,33.9,65.81,23.24,992.75,1687167525,watchingTV
1131,1210,1210,2023/06/19 18:38:46.344,239,2.83,63.5,10.9,-17.7,-0.097,0.986,0.01,0.5,32.3,65.78,23.2,992.7,1687167526,watchingTV
1132,1211,1211,2023/06/19 18:38:47.344,240,2.83,62.0,8.8,-16.9,-0.098,0.986,0.01,0.1,36.4,65.74,23.18,992.78,1687167527,watchingTV
1133,1212,1212,2023/06/19 18:38:48.344,241,2.83,63.1,10.6,-16.6,-0.098,0.986,0.009,0.4,34.3,65.83,23.22,992.78,1687167528,watchingTV
1134,1213,1213,2023/06/19 18:38:49.344,242,2.83,63.1,9.8,-15.8,-0.097,0.987,0.01,0.2,36.7,65.83,23.24,992.81,1687167529,watchingTV
1135,1214,1214,2023/06/19 18:38:50.344,243,2.83,61.7,9.1,-15.4,-0.098,0.987,0.009,0.4,37.0,65.8,23.26,992.75,1687167530,watchingTV
1136,1215,1215,2023/06/19 18:38:51.344,244,2.83,62.0,10.6,-13.1,-0.099,0.986,0.009,0.2,35.5,65.77,23.24,992.83,1687167531,watchingTV
1137,1216,1216,2023/06/19 18:38:52.344,245,2.83,61.3,10.2,-18.4,-0.098,0.987,0.009,0.4,37.7,65.78,23.26,992.73,1687167532,watchingTV
1138,1217,1217,2023/06/19 18:38:53.344,246,2.83,63.1,9.4,-18.8,-0.097,0.987,0.01,0.8,36.3,65.76,23.22,992.78,1687167533,watchingTV
1139,1218,1218,2023/06/19 18:38:54.344,247,2.83,62.8,10.9,-16.6,-0.098,0.987,0.011,0.1,35.4,65.7,23.22,992.81,1687167534,watchingTV
1140,1219,1219,2023/06/19 18:38:55.344,248,2.83,62.4,10.2,-16.6,-0.098,0.987,0.01,0.3,34.3,65.73,23.26,992.75,1687167535,watchingTV
1141,1220,1220,2023/06/19 18:38:56.344,249,2.83,62.4,10.6,-16.9,-0.098,0.987,0.01,0.4,32.6,65.74,23.2,992.78,1687167536,watchingTV
1142,1221,1221,2023/06/19 18:38:57.344,250,2.83,63.1,9.8,-16.2,-0.098,0.986,0.01,0.2,32.4,65.76,23.24,992.73,1687167537,watchingTV
1143,1222,1222,2023/06/19 18:38:58.344,251,2.83,63.1,11.3,-12.4,-0.098,0.987,0.009,0.0,33.6,65.83,23.26,992.81,1687167538,watchingTV
1144,1223,1223,2023/06/19 18:38:59.344,252,2.83,62.8,10.6,-16.2,-0.097,0.988,0.01,0.4,32.7,65.8,23.24,992.78,1687167539,watchingTV
1145,1224,1224,2023/06/19 18:39:00.344,253,2.83,63.5,10.6,-15.8,-0.098,0.987,0.01,0.0,35.8,65.78,23.2,992.75,1687167540,watchingTV
1146,1225,1225,2023/06/19 18:39:01.344,254,2.83,63.1,10.2,-16.2,-0.098,0.986,0.01,0.3,36.7,65.76,23.22,992.78,1687167541,watchingTV
1147,1226,1226,2023/06/19 18:39:02.344,255,2.83,62.8,12.0,-15.4,-0.098,0.987,0.01,0.1,33.4,65.81,23.26,992.75,1687167542,watchingTV
1148,1227,1227,2023/06/19 18:39:03.344,0,2.83,63.1,10.6,-16.9,-0.097,0.987,0.011,0.1,35.3,65.75,23.22,992.75,1687167543,watchingTV
1149,1228,1228,2023/06/19 18:39:04.344,1,2.83,62.0,10.9,-15.1,-0.098,0.987,0.01,0.1,34.6,65.73,23.22,992.78,1687167544,watchingTV
1150,1229,1229,2023/06/19 18:39:05.344,2,2.83,62.8,10.2,-17.3,-0.096,0.987,0.009,0.2,38.6,65.78,23.22,992.78,1687167545,watchingTV
1151,1230,1230,2023/06/19 18:39:06.344,3,2.83,62.4,9.1,-16.9,-0.098,0.987,0.009,0.4,32.4,65.77,23.22,992.78,1687167546,watchingTV
1152,1231,1231,2023/06/19 18:39:07.344,4,2.83,63.5,10.9,-15.8,-0.098,0.987,0.009,0.1,33.4,65.81,23.22,992.75,1687167547,watchingTV
1153,1232,1232,2023/06/19 18:39:08.344,5,2.83,62.8,10.2,-15.4,-0.097,0.988,0.009,0.1,32.1,65.71,23.22,992.78,1687167548,watchingTV
1154,1233,1233,2023/06/19 18:39:09.344,6,2.83,62.4,11.3,-17.3,-0.098,0.986,0.01,0.0,34.6,65.72,23.22,992.78,1687167549,watchingTV
1155,1234,1234,2023/06/19 18:39:10.344,7,2.83,61.7,10.2,-15.4,-0.097,0.987,0.01,0.6,32.7,65.73,23.22,992.73,1687167550,watchingTV
1156,1235,1235,2023/06/19 18:39:11.344,8,2.83,62.8,8.8,-16.9,-0.097,0.986,0.01,0.0,38.2,65.74,23.22,992.78,1687167551,watchingTV
1157,1236,1236,2023/06/19 18:39:12.344,9,2.83,62.0,10.2,-16.2,-0.097,0.987,0.009,0.2,34.0,65.74,23.26,992.78,1687167552,watchingTV
1158,1237,1237,2023/06/19 18:39:13.344,10,2.83,63.9,10.6,-15.8,-0.097,0.987,0.01,0.0,36.3,65.76,23.24,992.78,1687167553,watchingTV
1159,1238,1238,2023/06/19 18:39:14.344,11,2.83,62.4,9.8,-13.9,-0.098,0.986,0.009,0.0,36.3,65.75,23.22,992.78,1687167554,watchingTV
1160,1239,1239,2023/06/19 18:39:15.344,12,2.83,62.8,10.9,-14.7,-0.098,0.987,0.01,0.0,32.3,65.77,23.26,992.78,1687167555,watchingTV
1161,1240,1240,2023/06/19 18:39:16.344,13,2.83,61.3,9.4,-17.7,-0.098,0.986,0.01,0.1,35.8,65.79,23.29,992.78,1687167556,watchingTV
1162,1241,1241,2023/06/19 18:39:17.344,14,2.83,63.5,8.4,-17.7,-0.098,0.987,0.009,0.4,35.8,65.72,23.2,992.73,1687167557,watchingTV
1163,1242,1242,2023/06/19 18:39:18.344,15,2.83,63.1,10.9,-16.9,-0.097,0.986,0.01,0.9,34.8,65.77,23.22,992.81,1687167558,watchingTV
1164,1243,1243,2023/06/19 18:39:19.344,16,2.83,61.7,10.2,-14.7,-0.098,0.986,0.01,0.1,37.1,65.76,23.22,992.78,1687167559,watchingTV
1165,1244,1244,2023/06/19 18:39:20.344,17,2.83,64.2,9.4,-16.9,-0.098,0.987,0.01,0.2,32.7,65.74,23.24,992.75,1687167560,watchingTV
1166,1245,1245,2023/06/19 18:39:21.344,18,2.83,62.8,10.9,-13.9,-0.098,0.987,0.009,0.2,36.7,65.78,23.24,992.75,1687167561,watchingTV
1167,1246,1246,2023/06/19 18:39:22.344,19,2.83,62.0,11.6,-17.7,-0.098,0.987,0.01,0.1,33.8,65.76,23.24,992.75,1687167562,watchingTV
1168,1247,1247,2023/06/19 18:39:23.344,20,2.83,62.4,10.2,-14.7,-0.098,0.987,0.009,0.1,34.5,65.71,23.24,992.78,1687167563,watchingTV
1169,1248,1248,2023/06/19 18:39:24.344,21,2.83,62.8,11.3,-14.3,-0.097,0.986,0.01,0.1,36.7,65.78,23.24,992.81,1687167564,watchingTV
1170,1249,1249,2023/06/19 18:39:25.344,22,2.83,62.4,10.9,-16.6,-0.098,0.985,0.01,0.2,34.3,65.7,23.26,992.73,1687167565,watchingTV
1171,1250,1250,2023/06/19 18:39:26.344,23,2.83,62.8,8.0,-18.1,-0.097,0.987,0.01,0.1,36.5,65.72,23.24,992.73,1687167566,watchingTV
1172,1251,1251,2023/06/19 18:39:27.344,24,2.83,61.3,9.4,-16.6,-0.097,0.987,0.01,0.1,35.1,65.73,23.26,992.78,1687167567,watchingTV
1173,1252,1252,2023/06/19 18:39:28.344,25,2.83,63.5,9.8,-15.8,-0.098,0.987,0.01,0.1,34.3,65.73,23.24,992.78,1687167568,watchingTV
1174,1253,1253,2023/06/19 18:39:29.344,26,2.83,61.7,10.9,-18.1,-0.098,0.987,0.01,0.0,34.3,65.78,23.27,992.86,1687167569,watchingTV
1175,1254,1254,2023/06/19 18:39:30.344,27,2.83,62.8,11.3,-16.9,-0.097,0.986,0.01,0.6,35.1,65.75,23.24,992.73,1687167570,watchingTV
1176,1255,1255,2023/06/19 18:39:31.344,28,2.83,62.8,10.9,-18.1,-0.097,0.987,0.01,0.2,32.4,65.69,23.24,992.78,1687167571,watchingTV
1177,1256,1256,2023/06/19 18:39:32.344,29,2.83,62.8,12.8,-16.9,-0.098,0.987,0.01,0.2,33.2,65.77,23.24,992.83,1687167572,watchingTV
1178,1257,1257,2023/06/19 18:39:33.344,30,2.83,63.5,9.4,-15.1,-0.098,0.986,0.01,0.1,39.4,65.78,23.24,992.75,1687167573,watchingTV
1179,1258,1258,2023/06/19 18:39:34.344,31,2.83,63.9,9.1,-15.8,-0.098,0.986,0.009,0.2,33.5,65.73,23.26,992.78,1687167574,watchingTV
1180,1259,1259,2023/06/19 18:39:35.344,32,2.83,62.4,10.2,-18.4,-0.097,0.986,0.01,0.2,35.8,65.75,23.24,992.73,1687167575,watchingTV
1181,1260,1260,2023/06/19 18:39:36.344,33,2.83,61.3,11.6,-16.6,-0.098,0.987,0.009,0.1,35.8,65.77,23.24,992.73,1687167576,watchingTV
1182,1261,1261,2023/06/19 18:39:37.344,34,2.83,61.7,9.8,-14.7,-0.098,0.987,0.009,0.0,37.8,65.73,23.26,992.78,1687167577,watchingTV
1183,1262,1262,2023/06/19 18:39:38.344,35,2.83,62.0,9.4,-16.6,-0.097,0.987,0.01,0.7,34.0,65.72,23.29,992.81,1687167578,watchingTV
1184,1263,1263,2023/06/19 18:39:39.344,36,2.83,63.1,9.8,-15.4,-0.097,0.987,0.01,0.1,35.5,65.7,23.24,992.75,1687167579,watchingTV
1185,1264,1264,2023/06/19 18:39:40.344,37,2.83,62.4,9.8,-13.9,-0.098,0.986,0.01,0.4,38.9,65.71,23.22,992.75,1687167580,watchingTV
1186,1265,1265,2023/06/19 18:39:41.344,38,2.83,62.0,10.9,-16.2,-0.098,0.987,0.01,0.8,37.8,65.72,23.27,992.78,1687167581,watchingTV
1187,1266,1266,2023/06/19 18:39:42.344,39,2.83,61.7,10.2,-16.6,-0.098,0.986,0.01,0.1,32.8,65.67,23.26,992.7,1687167582,watchingTV
1188,1267,1267,2023/06/19 18:39:43.344,40,2.83,63.5,10.2,-16.2,-0.097,0.986,0.01,0.1,34.4,65.71,23.26,992.73,1687167583,watchingTV
1189,1268,1268,2023/06/19 18:39:44.334,41,2.83,60.6,8.8,-17.7,-0.098,0.986,0.01,0.4,37.9,65.77,23.22,992.78,1687167584,watchingTV
1190,1269,1269,2023/06/19 18:39:45.324,42,2.83,61.7,10.9,-13.2,-0.097,0.987,0.01,0.8,33.9,65.78,23.24,992.7,1687167585,watchingTV
1191,1270,1270,2023/06/19 18:39:46.314,43,2.83,62.4,9.8,-16.6,-0.098,0.986,0.009,0.2,36.2,65.74,23.26,992.73,1687167586,watchingTV
1192,1271,1271,2023/06/19 18:39:47.304,44,2.83,63.1,9.4,-15.4,-0.098,0.986,0.009,0.1,33.5,65.71,23.24,992.75,1687167587,watchingTV
1193,1272,1272,2023/06/19 18:39:48.294,45,2.83,62.4,9.4,-16.6,-0.097,0.986,0.01,0.0,34.0,65.69,23.29,992.75,1687167588,watchingTV
1194,1273,1273,2023/06/19 18:39:49.284,46,2.83,64.2,11.3,-18.1,-0.097,0.986,0.009,0.0,34.0,65.65,23.26,992.75,1687167589,watchingTV
1195,1274,1274,2023/06/19 18:39:50.274,47,2.83,63.1,10.9,-18.4,-0.098,0.987,0.01,0.1,33.4,65.68,23.24,992.73,1687167590,watchingTV
1196,1275,1275,2023/06/19 18:39:51.264,48,2.83,62.8,9.8,-16.2,-0.097,0.987,0.009,0.1,32.4,65.71,23.26,992.84,1687167591,watchingTV
1197,1276,1276,2023/06/19 18:39:52.254,49,2.83,63.9,9.4,-16.6,-0.098,0.985,0.009,0.2,37.4,65.77,23.26,992.75,1687167592,watchingTV
1198,1277,1277,2023/06/19 18:39:53.244,50,2.83,61.3,10.9,-13.6,-0.098,0.987,0.009,0.5,35.5,65.71,23.31,992.78,1687167593,watchingTV
1199,1278,1278,2023/06/19 18:39:54.234,51,2.83,62.0,9.8,-21.1,-0.098,0.986,0.009,0.1,35.5,65.72,23.26,992.75,1687167594,watchingTV
1200,1279,1279,2023/06/19 18:39:55.224,52,2.83,61.3,11.3,-18.1,-0.098,0.987,0.009,0.5,36.7,65.69,23.27,992.81,1687167595,watchingTV
1201,1280,1280,2023/06/19 18:39:56.214,53,2.83,62.4,11.6,-16.9,-0.098,0.986,0.009,0.4,39.1,65.72,23.24,992.81,1687167596,watchingTV
1202,1281,1281,2023/06/19 18:39:57.204,54,2.83,61.7,10.9,-17.3,-0.097,0.986,0.01,0.0,35.0,65.7,23.26,992.81,1687167597,watchingTV
1203,1282,1282,2023/06/19 18:39:58.194,55,2.83,61.7,9.1,-17.7,-0.098,0.987,0.009,0.9,36.3,65.7,23.26,992.75,1687167598,watchingTV
1204,1283,1283,2023/06/19 18:39:59.184,56,2.83,61.3,10.2,-14.7,-0.097,0.987,0.01,0.0,34.0,65.68,23.29,992.75,1687167599,watchingTV
1205,1284,1284,2023/06/19 18:40:00.174,57,2.83,62.0,9.8,-12.8,-0.097,0.986,0.009,0.2,31.2,65.67,23.27,992.78,1687167600,watchingTV
1206,1285,1285,2023/06/19 18:40:01.164,58,2.83,63.1,10.2,-15.1,-0.097,0.986,0.01,0.4,33.5,65.71,23.24,992.78,1687167601,watchingTV
1207,1286,1286,2023/06/19 18:40:02.154,59,2.83,62.8,10.9,-17.7,-0.098,0.986,0.01,0.3,35.9,65.69,23.27,992.81,1687167602,watchingTV
1208,1287,1287,2023/06/19 18:40:03.144,60,2.83,62.0,8.8,-15.4,-0.097,0.986,0.01,0.1,34.4,65.66,23.26,992.81,1687167603,watchingTV
1209,1288,1288,2023/06/19 18:40:04.134,61,2.83,61.3,10.6,-16.6,-0.098,0.986,0.01,0.1,32.8,65.71,23.24,992.78,1687167604,watchingTV
1210,1289,1289,2023/06/19 18:40:05.124,62,2.83,62.8,11.3,-15.8,-0.097,0.986,0.01,0.5,33.5,65.72,23.26,992.78,1687167605,watchingTV
1211,1290,1290,2023/06/19 18:40:06.114,63,2.83,61.7,10.9,-15.8,-0.098,0.986,0.01,0.0,35.1,65.67,23.27,992.78,1687167606,watchingTV
1212,1291,1291,2023/06/19 18:40:07.104,64,2.83,60.9,11.3,-17.3,-0.098,0.987,0.009,0.3,37.4,65.63,23.26,992.81,1687167607,watchingTV
1213,1292,1292,2023/06/19 18:40:08.094,65,2.83,61.7,10.2,-16.9,-0.097,0.986,0.009,0.7,35.8,65.65,23.26,992.83,1687167608,watchingTV
1214,1293,1293,2023/06/19 18:40:09.084,66,2.83,62.4,10.2,-15.8,-0.098,0.987,0.009,0.1,36.5,65.69,23.27,992.81,1687167609,watchingTV
1215,1294,1294,2023/06/19 18:40:10.074,67,2.83,63.1,10.2,-15.8,-0.098,0.987,0.01,0.4,40.2,65.67,23.26,992.78,1687167610,watchingTV
1216,1295,1295,2023/06/19 18:40:11.064,68,2.83,63.1,9.4,-15.8,-0.098,0.987,0.01,0.2,36.4,65.7,23.27,992.78,1687167611,watchingTV
1217,1296,1296,2023/06/19 18:40:12.054,69,2.83,60.6,10.6,-15.1,-0.098,0.986,0.009,0.4,35.8,65.71,23.24,992.75,1687167612,watchingTV
1218,1297,1297,2023/06/19 18:40:13.044,70,2.83,60.9,10.6,-16.2,-0.097,0.986,0.01,0.5,35.5,65.66,23.26,992.84,1687167613,watchingTV
1219,1298,1298,2023/06/19 18:40:14.034,71,2.83,62.8,10.9,-16.6,-0.097,0.986,0.01,0.1,33.5,65.71,23.26,992.81,1687167614,watchingTV
1220,1299,1299,2023/06/19 18:40:15.024,72,2.83,62.0,9.4,-16.2,-0.097,0.987,0.01,0.1,32.8,65.66,23.24,992.75,1687167615,watchingTV
1221,1300,1300,2023/06/19 18:40:16.014,73,2.83,63.9,10.2,-14.3,-0.098,0.987,0.01,0.1,36.5,65.73,23.27,992.75,1687167616,watchingTV
1222,1301,1301,2023/06/19 18:40:17.004,74,2.83,61.7,9.8,-14.3,-0.098,0.987,0.01,0.3,35.1,65.68,23.24,992.78,1687167617,watchingTV
1224,1303,1303,2023/06/19 18:40:18.984,76,2.83,61.7,9.8,-16.2,-0.097,0.986,0.01,0.1,30.0,65.67,23.26,992.78,1687167618,watchingTV
1225,1304,1304,2023/06/19 18:40:19.974,77,2.83,61.7,9.8,-16.9,-0.098,0.986,0.01,0.6,36.3,65.61,23.29,992.81,1687167619,watchingTV
1226,1305,1305,2023/06/19 18:40:20.964,78,2.83,64.6,9.1,-16.9,-0.097,0.986,0.01,0.1,34.2,65.69,23.24,992.89,1687167620,watchingTV
1227,1306,1306,2023/06/19 18:40:21.964,79,2.83,62.8,9.4,-17.7,-0.098,0.987,0.009,0.1,36.8,65.67,23.27,992.81,1687167621,watchingTV
1228,1307,1307,2023/06/19 18:40:22.964,80,2.83,62.0,10.2,-13.9,-0.097,0.987,0.01,0.3,35.9,65.65,23.26,992.81,1687167622,watchingTV
1229,1308,1308,2023/06/19 18:40:23.964,81,2.83,62.4,10.9,-18.1,-0.097,0.987,0.01,0.2,37.1,65.66,23.24,992.81,1687167623,watchingTV
1230,1309,1309,2023/06/19 18:40:24.964,82,2.83,62.4,11.3,-15.1,-0.097,0.987,0.01,0.1,33.9,65.66,23.24,992.81,1687167624,watchingTV
1231,1310,1310,2023/06/19 18:40:25.964,83,2.83,62.4,9.1,-13.9,-0.097,0.987,0.01,0.4,33.5,65.75,23.29,992.78,1687167625,watchingTV
1232,1311,1311,2023/06/19 18:40:26.964,84,2.83,63.1,10.2,-17.7,-0.097,0.986,0.009,0.2,35.8,65.67,23.27,992.81,1687167626,watchingTV
1233,1312,1312,2023/06/19 18:40:27.964,85,2.83,64.2,9.8,-18.4,-0.098,0.986,0.01,0.2,30.7,65.6,23.26,992.75,1687167627,watchingTV
1234,1313,1313,2023/06/19 18:40:28.964,86,2.83,60.9,9.8,-14.7,-0.098,0.986,0.01,0.4,32.8,65.69,23.29,992.75,1687167628,watchingTV
1235,1314,1314,2023/06/19 18:40:29.964,87,2.83,62.0,10.2,-18.8,-0.097,0.987,0.009,0.0,35.4,65.62,23.24,992.75,1687167629,watchingTV
1236,1315,1315,2023/06/19 18:40:30.964,88,2.83,62.0,11.3,-15.8,-0.098,0.987,0.009,0.0,35.5,65.67,23.27,992.75,1687167630,watchingTV
1237,1316,1316,2023/06/19 18:40:31.964,89,2.83,62.4,10.6,-17.3,-0.097,0.987,0.01,0.5,36.5,65.67,23.26,992.75,1687167631,watchingTV
1238,1317,1317,2023/06/19 18:40:32.964,90,2.83,62.8,9.8,-16.9,-0.097,0.987,0.01,0.3,36.7,65.63,23.29,992.81,1687167632,watchingTV
1239,1318,1318,2023/06/19 18:40:33.964,91,2.83,61.7,10.2,-13.6,-0.097,0.986,0.011,0.1,36.0,65.69,23.26,992.75,1687167633,watchingTV
1240,1319,1319,2023/06/19 18:40:34.964,92,2.83,61.3,10.9,-14.7,-0.098,0.986,0.01,0.3,34.0,65.72,23.31,992.78,1687167634,watchingTV
1241,1320,1320,2023/06/19 18:40:35.964,93,2.83,62.0,10.9,-16.6,-0.097,0.986,0.01,0.3,34.8,65.69,23.27,992.81,1687167635,watchingTV
1242,1321,1321,2023/06/19 18:40:36.964,94,2.83,62.0,10.6,-15.1,-0.098,0.987,0.009,0.1,38.1,65.65,23.31,992.84,1687167636,watchingTV
1243,1322,1322,2023/06/19 18:40:37.964,95,2.83,63.5,10.6,-15.8,-0.097,0.987,0.01,0.4,36.9,65.68,23.26,992.78,1687167637,watchingTV
1244,1323,1323,2023/06/19 18:40:38.964,96,2.83,63.1,10.6,-16.2,-0.097,0.986,0.01,0.2,37.0,65.67,23.27,992.78,1687167638,watchingTV
1245,1324,1324,2023/06/19 18:40:39.964,97,2.83,61.7,9.1,-14.3,-0.098,0.986,0.01,0.1,32.2,65.66,23.26,992.84,1687167639,watchingTV
1246,1325,1325,2023/06/19 18:40:40.964,98,2.83,63.9,10.2,-16.6,-0.098,0.986,0.01,0.1,35.8,65.66,23.29,992.81,1687167640,watchingTV
1247,1326,1326,2023/06/19 18:40:41.964,99,2.83,61.3,10.6,-15.8,-0.098,0.986,0.011,0.2,35.5,65.68,23.26,992.78,1687167641,watchingTV
1248,1327,1327,2023/06/19 18:40:42.964,100,2.83,62.8,12.8,-16.9,-0.097,0.987,0.01,0.4,32.5,65.61,23.27,992.86,1687167642,watchingTV
1249,1328,1328,2023/06/19 18:40:43.964,101,2.83,61.7,8.8,-15.1,-0.097,0.986,0.009,0.1,34.0,65.6,23.29,992.81,1687167643,watchingTV
1250,1329,1329,2023/06/19 18:40:44.964,102,2.83,62.8,10.6,-15.4,-0.098,0.987,0.01,0.2,35.7,65.64,23.29,992.81,1687167644,watchingTV
1251,1330,1330,2023/06/19 18:40:45.964,103,2.83,61.7,9.4,-17.7,-0.098,0.986,0.011,0.5,34.8,65.67,23.29,992.81,1687167645,watchingTV
1252,1331,1331,2023/06/19 18:40:46.964,104,2.83,61.3,9.4,-19.2,-0.098,0.987,0.01,0.2,34.0,65.71,23.29,992.84,1687167646,watchingTV
1253,1332,1332,2023/06/19 18:40:47.964,105,2.83,63.1,8.8,-17.3,-0.097,0.986,0.01,0.1,34.7,65.66,23.26,992.86,1687167647,watchingTV
1254,1333,1333,2023/06/19 18:40:48.964,106,2.83,61.7,8.8,-17.7,-0.097,0.986,0.01,0.6,32.4,65.62,23.26,992.81,1687167648,watchingTV
1255,1334,1334,2023/06/19 18:40:49.964,107,2.83,63.1,11.6,-17.3,-0.097,0.987,0.011,0.2,34.6,65.7,23.27,992.86,1687167649,watchingTV
1256,1335,1335,2023/06/19 18:40:50.964,108,2.83,61.7,11.3,-15.8,-0.097,0.986,0.01,0.4,33.4,65.65,23.26,992.78,1687167650,watchingTV
1257,1336,1336,2023/06/19 18:40:51.964,109,2.83,63.5,11.6,-14.3,-0.097,0.986,0.01,0.2,36.7,65.68,23.26,992.78,1687167651,watchingTV
1258,1337,1337,2023/06/19 18:40:52.964,110,2.83,61.7,8.0,-16.2,-0.097,0.986,0.01,0.4,33.4,65.59,23.29,992.84,1687167652,watchingTV
1259,1338,1338,2023/06/19 18:40:53.964,111,2.83,62.0,10.6,-13.6,-0.097,0.987,0.01,0.4,34.5,65.67,23.27,992.78,1687167653,watchingTV
1260,1339,1339,2023/06/19 18:40:54.964,112,2.83,63.5,11.6,-15.4,-0.097,0.986,0.01,0.0,32.6,65.63,23.26,992.84,1687167654,watchingTV
1261,1340,1340,2023/06/19 18:40:55.964,113,2.83,62.4,9.4,-15.8,-0.097,0.987,0.01,0.1,32.4,65.6,23.27,992.86,1687167655,watchingTV
1262,1341,1341,2023/06/19 18:40:56.964,114,2.83,62.8,10.2,-16.2,-0.098,0.986,0.01,0.2,35.9,65.58,23.26,992.75,1687167656,watchingTV
1263,1342,1342,2023/06/19 18:40:57.964,115,2.83,62.4,10.2,-15.8,-0.098,0.986,0.009,0.2,37.8,65.66,23.27,992.81,1687167657,watchingTV
1264,1343,1343,2023/06/19 18:40:58.964,116,2.83,62.4,10.6,-15.4,-0.097,0.987,0.01,0.1,36.8,65.6,23.26,992.78,1687167658,watchingTV
1265,1344,1344,2023/06/19 18:40:59.964,117,2.83,62.4,10.6,-15.4,-0.097,0.987,0.01,0.5,34.0,65.59,23.27,992.81,1687167659,watchingTV
1266,1345,1345,2023/06/19 18:41:00.964,118,2.83,62.8,10.9,-16.2,-0.098,0.987,0.01,0.1,35.9,65.59,23.26,992.84,1687167660,watchingTV
1267,1346,1346,2023/06/19 18:41:01.964,119,2.83,61.7,10.6,-18.4,-0.098,0.986,0.009,0.2,37.4,65.59,23.24,992.86,1687167661,watchingTV
1268,1347,1347,2023/06/19 18:41:02.964,120,2.83,62.4,10.9,-16.6,-0.097,0.986,0.01,0.1,32.8,65.64,23.26,992.75,1687167662,watchingTV
1269,1348,1348,2023/06/19 18:41:03.964,121,2.83,60.6,11.3,-18.1,-0.097,0.987,0.01,0.0,32.1,65.65,23.31,992.81,1687167663,watchingTV
1270,1349,1349,2023/06/19 18:41:04.964,122,2.83,61.3,9.8,-17.7,-0.097,0.986,0.01,0.2,34.8,65.6,23.26,992.75,1687167664,watchingTV
1271,1350,1350,2023/06/19 18:41:05.964,123,2.83,63.1,9.8,-16.2,-0.098,0.986,0.01,0.2,35.9,65.68,23.27,992.78,1687167665,watchingTV
1272,1351,1351,2023/06/19 18:41:06.964,124,2.83,62.8,10.2,-18.1,-0.098,0.986,0.01,0.2,33.5,65.72,23.29,992.81,1687167666,watchingTV
1273,1352,1352,2023/06/19 18:41:07.964,125,2.83,60.9,10.6,-18.8,-0.097,0.986,0.01,0.2,35.1,65.58,23.27,992.75,1687167667,watchingTV
1274,1353,1353,2023/06/19 18:41:08.964,126,2.83,61.3,9.8,-18.1,-0.098,0.986,0.01,0.1,34.0,65.62,23.29,992.81,1687167668,watchingTV
1275,1354,1354,2023/06/19 18:41:09.964,127,2.83,62.8,9.8,-16.9,-0.097,0.986,0.01,0.1,35.8,65.7,23.27,992.7,1687167669,watchingTV
1276,1355,1355,2023/06/19 18:41:10.964,128,2.83,62.8,10.9,-15.4,-0.097,0.986,0.01,0.2,37.9,65.59,23.29,992.75,1687167670,watchingTV
1277,1356,1356,2023/06/19 18:41:11.964,129,2.83,61.3,8.8,-17.3,-0.097,0.987,0.011,0.0,34.6,65.64,23.27,992.78,1687167671,watchingTV
1278,1357,1357,2023/06/19 18:41:12.964,130,2.83,64.2,9.8,-18.4,-0.098,0.986,0.01,0.3,38.0,65.58,23.24,992.81,1687167672,watchingTV
1279,1358,1358,2023/06/19 18:41:13.964,131,2.83,62.0,12.0,-15.4,-0.097,0.986,0.01,0.8,37.1,65.66,23.26,992.84,1687167673,watchingTV
1280,1359,1359,2023/06/19 18:41:14.964,132,2.83,62.0,12.4,-18.1,-0.098,0.986,0.01,0.4,37.1,65.64,23.27,992.84,1687167674,watchingTV
1281,1360,1360,2023/06/19 18:41:15.964,133,2.83,61.3,9.8,-13.6,-0.098,0.986,0.01,0.1,33.5,65.57,23.27,992.75,1687167675,watchingTV
1282,1361,1361,2023/06/19 18:41:16.964,134,2.83,61.7,11.3,-15.1,-0.097,0.986,0.009,0.3,32.4,65.58,23.27,992.81,1687167676,watchingTV
1283,1362,1362,2023/06/19 18:41:17.964,135,2.83,62.0,11.3,-15.4,-0.097,0.986,0.01,0.2,34.0,65.59,23.26,992.75,1687167677,watchingTV
1284,1363,1363,2023/06/19 18:41:18.964,136,2.83,60.9,10.2,-16.6,-0.097,0.986,0.011,0.1,36.8,65.62,23.27,992.78,1687167678,watchingTV
1285,1364,1364,2023/06/19 18:41:19.964,137,2.83,61.3,11.3,-15.4,-0.098,0.986,0.01,0.2,38.1,65.59,23.27,992.75,1687167679,watchingTV
1286,1365,1365,2023/06/19 18:41:20.964,138,2.83,62.0,10.2,-18.1,-0.098,0.986,0.01,0.4,34.2,65.58,23.27,992.78,1687167680,watchingTV
1287,1366,1366,2023/06/19 18:41:21.964,139,2.83,61.7,11.3,-16.6,-0.097,0.987,0.011,0.0,36.8,65.65,23.27,992.84,1687167681,watchingTV
1288,1367,1367,2023/06/19 18:41:22.964,140,2.83,61.7,10.2,-16.6,-0.097,0.987,0.01,0.7,32.9,65.65,23.26,992.78,1687167682,watchingTV
1289,1368,1368,2023/06/19 18:41:23.964,141,2.83,62.8,10.6,-12.8,-0.097,0.986,0.01,0.2,32.8,65.63,23.26,992.75,1687167683,watchingTV
1290,1369,1369,2023/06/19 18:41:24.964,142,2.83,62.8,9.4,-13.6,-0.097,0.986,0.009,0.2,33.5,65.6,23.33,992.81,1687167684,watchingTV
1291,1370,1370,2023/06/19 18:41:25.964,143,2.83,62.8,9.4,-16.6,-0.097,0.987,0.009,0.0,36.8,65.59,23.31,992.78,1687167685,watchingTV
1292,1371,1371,2023/06/19 18:41:26.964,144,2.83,62.8,10.9,-18.4,-0.097,0.987,0.009,0.2,34.3,65.64,23.29,992.86,1687167686,watchingTV
1293,1372,1372,2023/06/19 18:41:27.964,145,2.83,61.7,10.6,-14.7,-0.097,0.987,0.011,0.0,36.8,65.61,23.26,992.84,1687167687,watchingTV
1294,1373,1373,2023/06/19 18:41:28.964,146,2.83,61.3,10.2,-18.1,-0.097,0.987,0.009,0.0,38.2,65.59,23.27,992.75,1687167688,watchingTV
1295,1374,1374,2023/06/19 18:41:29.964,147,2.83,62.0,11.3,-14.7,-0.098,0.987,0.01,0.0,35.1,65.64,23.27,992.84,1687167689,watchingTV
1296,1375,1375,2023/06/19 18:41:30.964,148,2.83,63.9,11.3,-16.9,-0.097,0.987,0.01,0.0,35.1,65.62,23.29,992.84,1687167690,watchingTV
1297,1376,1376,2023/06/19 18:41:31.964,149,2.83,62.8,10.9,-15.4,-0.097,0.986,0.01,0.3,38.2,65.59,23.24,992.84,1687167691,watchingTV
1298,1377,1377,2023/06/19 18:41:32.964,150,2.83,62.8,10.6,-13.9,-0.098,0.987,0.009,0.4,35.1,65.59,23.27,992.81,1687167692,watchingTV
1299,1378,1378,2023/06/19 18:41:33.964,151,2.83,62.4,11.3,-14.7,-0.097,0.986,0.01,0.3,34.7,65.61,23.31,992.73,1687167693,watchingTV
1300,1379,1379,2023/06/19 18:41:34.964,152,2.83,61.7,11.3,-17.7,-0.098,0.987,0.01,0.1,34.0,65.61,23.27,992.78,1687167694,watchingTV
1301,1380,1380,2023/06/19 18:41:35.964,153,2.83,60.9,10.6,-18.1,-0.097,0.986,0.01,0.4,39.3,65.63,23.31,992.78,1687167695,watchingTV
1302,1381,1381,2023/06/19 18:41:36.964,154,2.83,63.1,9.8,-16.2,-0.097,0.987,0.009,0.2,34.0,65.62,23.24,992.73,1687167696,watchingTV
1303,1382,1382,2023/06/19 18:41:37.964,155,2.83,62.4,9.1,-15.1,-0.098,0.986,0.01,0.2,34.3,65.59,23.27,992.81,1687167697,watchingTV
1304,1383,1383,2023/06/19 18:41:38.964,156,2.83,61.3,9.8,-16.2,-0.097,0.987,0.01,0.2,35.8,65.65,23.33,992.73,1687167698,watchingTV
1305,1384,1384,2023/06/19 18:41:39.964,157,2.83,63.9,10.2,-17.3,-0.097,0.987,0.01,0.2,38.0,65.63,23.29,992.73,1687167699,watchingTV
1306,1385,1385,2023/06/19 18:41:40.964,158,2.83,62.0,10.2,-17.7,-0.097,0.986,0.009,0.5,34.7,65.56,23.29,992.75,1687167700,watchingTV
1307,1386,1386,2023/06/19 18:41:41.964,159,2.83,62.0,11.6,-16.9,-0.098,0.987,0.01,0.1,37.9,65.63,23.29,992.78,1687167701,watchingTV
1308,1387,1387,2023/06/19 18:41:42.964,160,2.83,63.9,10.2,-15.1,-0.098,0.987,0.01,0.0,32.0,65.59,23.27,992.78,1687167702,other
1309,1388,1388,2023/06/19 18:41:43.964,161,2.83,63.1,10.9,-13.9,-0.098,0.986,0.01,0.2,33.2,65.63,23.29,992.78,1687167703,other
1310,1389,1389,2023/06/19 18:41:44.964,162,2.83,61.7,12.4,-18.4,-0.098,0.985,0.01,0.4,35.2,65.67,23.29,992.81,1687167704,other
1311,1390,1390,2023/06/19 18:41:45.964,163,2.83,62.8,10.6,-16.6,-0.097,0.987,0.01,0.0,33.0,65.61,23.27,992.78,1687167705,other
1312,1391,1391,2023/06/19 18:41:46.964,164,2.83,61.7,10.2,-15.8,-0.097,0.987,0.011,0.1,34.9,65.66,23.27,992.81,1687167706,other
1313,1392,1392,2023/06/19 18:41:47.964,165,2.83,62.4,10.9,-18.4,-0.097,0.986,0.01,0.1,34.6,65.63,23.31,992.81,1687167707,other
1314,1393,1393,2023/06/19 18:41:48.964,166,2.83,62.4,10.2,-16.9,-0.097,0.987,0.01,0.0,35.1,65.68,23.27,992.78,1687167708,other
1315,1394,1394,2023/06/19 18:41:49.964,167,2.83,62.8,8.8,-12.4,-0.097,0.986,0.011,0.1,35.0,65.65,23.27,992.81,1687167709,other
1316,1395,1395,2023/06/19 18:41:50.964,168,2.83,62.4,8.8,-17.7,-0.098,0.987,0.01,0.1,35.0,65.62,23.31,992.81,1687167710,other
1317,1396,1396,2023/06/19 18:41:51.964,169,2.83,62.4,9.1,-15.1,-0.098,0.986,0.01,0.3,34.2,65.62,23.26,992.86,1687167711,other
1318,1397,1397,2023/06/19 18:41:52.964,170,2.83,62.8,10.9,-18.8,-0.097,0.986,0.01,0.2,38.1,65.69,23.31,992.84,1687167712,other
1319,1398,1398,2023/06/19 18:41:53.964,171,2.83,63.1,10.6,-16.9,-0.097,0.986,0.01,0.1,32.7,65.68,23.31,992.84,1687167713,other
1320,1399,1399,2023/06/19 18:41:54.964,172,2.83,61.7,9.8,-16.6,-0.097,0.986,0.011,0.3,36.3,65.58,23.31,992.81,1687167714,other
1321,1400,1400,2023/06/19 18:41:55.964,173,2.83,63.5,10.6,-17.7,-0.097,0.986,0.01,0.0,34.3,65.64,23.31,992.81,1687167715,other
1322,1401,1401,2023/06/19 18:41:56.964,174,2.83,63.1,8.4,-19.6,-0.097,0.987,0.009,0.1,35.2,65.66,23.27,992.81,1687167716,other
1323,1402,1402,2023/06/19 18:41:57.964,175,2.83,62.8,11.3,-16.6,-0.097,0.987,0.01,0.1,34.7,65.63,23.31,992.78,1687167717,other
1324,1403,1403,2023/06/19 18:41:58.964,176,2.83,61.3,10.9,-17.3,-0.097,0.986,0.009,0.6,32.4,65.62,23.29,992.81,1687167718,other
1325,1404,1404,2023/06/19 18:41:59.964,177,2.83,63.5,11.3,-14.3,-0.098,0.985,0.01,0.1,39.4,65.59,23.29,992.86,1687167719,toileting
1326,1405,1405,2023/06/19 18:42:00.964,178,2.83,62.8,10.6,-17.7,-0.097,0.987,0.01,0.0,35.1,65.66,23.26,992.78,1687167720,toileting
1327,1406,1406,2023/06/19 18:42:01.964,179,2.83,62.0,9.1,-15.8,-0.097,0.986,0.009,0.2,33.4,65.61,23.24,992.81,1687167721,toileting
1328,1407,1407,2023/06/19 18:42:02.964,180,2.83,62.8,10.9,-15.1,-0.098,0.986,0.009,0.5,36.9,65.59,23.35,992.86,1687167722,toileting
1329,1408,1408,2023/06/19 18:42:03.964,181,2.83,60.2,10.9,-16.9,-0.098,0.987,0.01,0.6,33.4,65.6,23.29,992.84,1687167723,toileting
1330,1409,1409,2023/06/19 18:42:04.964,182,2.83,62.4,9.4,-17.7,-0.097,0.987,0.01,0.1,38.6,65.61,23.31,992.86,1687167724,toileting
1331,1410,1410,2023/06/19 18:42:05.964,183,2.83,62.0,9.8,-14.3,-0.098,0.986,0.01,0.1,36.8,65.6,23.31,992.86,1687167725,toileting
1332,1411,1411,2023/06/19 18:42:06.964,184,2.83,62.4,10.2,-17.7,-0.097,0.987,0.01,0.1,35.3,65.53,23.29,992.84,1687167726,toileting
1333,1412,1412,2023/06/19 18:42:07.964,185,2.83,63.1,11.3,-16.9,-0.098,0.986,0.01,0.3,33.7,65.57,23.29,992.86,1687167727,toileting
1334,1413,1413,2023/06/19 18:42:08.964,186,2.83,63.1,11.3,-18.4,-0.097,0.986,0.009,0.1,33.3,65.59,23.35,992.86,1687167728,toileting
1335,1414,1414,2023/06/19 18:42:09.964,187,2.83,62.0,9.4,-18.4,-0.098,0.986,0.01,0.1,35.8,65.68,23.31,992.81,1687167729,toileting
1336,1415,1415,2023/06/19 18:42:10.964,188,2.83,62.4,10.6,-17.3,-0.097,0.987,0.01,0.7,34.8,65.58,23.31,992.78,1687167730,toileting
1337,1416,1416,2023/06/19 18:42:11.964,189,2.83,63.5,11.6,-17.3,-0.098,0.987,0.01,0.5,37.5,65.59,23.27,992.84,1687167731,toileting
1338,1417,1417,2023/06/19 18:42:12.964,190,2.83,62.0,9.1,-14.7,-0.098,0.986,0.008,0.2,36.6,65.6,23.29,992.84,1687167732,toileting
1339,1418,1418,2023/06/19 18:42:13.964,191,2.83,61.3,10.9,-13.9,-0.099,0.986,0.01,0.4,35.8,65.57,23.31,992.73,1687167733,toileting
1340,1419,1419,2023/06/19 18:42:14.964,192,2.83,62.4,10.9,-17.3,-0.096,0.987,0.01,0.1,34.9,65.6,23.27,992.76,1687167734,toileting
1341,1420,1420,2023/06/19 18:42:15.964,193,2.83,62.4,9.8,-15.1,-0.098,0.987,0.01,0.1,38.2,65.63,23.27,992.78,1687167735,toileting
1342,1421,1421,2023/06/19 18:42:16.964,194,2.83,63.1,11.3,-13.2,-0.097,0.986,0.01,0.2,36.7,65.6,23.29,992.76,1687167736,toileting
1343,1422,1422,2023/06/19 18:42:17.964,195,2.83,62.4,10.2,-12.4,-0.098,0.987,0.01,0.0,36.8,65.58,23.27,992.81,1687167737,toileting
1344,1423,1423,2023/06/19 18:42:18.964,196,2.83,61.3,10.2,-19.2,-0.097,0.986,0.01,0.4,33.1,65.54,23.31,992.84,1687167738,toileting
1345,1424,1424,2023/06/19 18:42:19.964,197,2.83,62.4,9.4,-15.8,-0.097,0.986,0.01,0.1,33.5,65.62,23.33,992.81,1687167739,toileting
1346,1425,1425,2023/06/19 18:42:20.964,198,2.83,62.0,10.2,-16.9,-0.098,0.987,0.01,0.1,35.5,65.58,23.33,992.81,1687167740,toileting
1347,1426,1426,2023/06/19 18:42:21.964,199,2.83,61.3,11.3,-18.1,-0.097,0.987,0.01,0.0,34.3,65.59,23.29,992.81,1687167741,toileting
1348,1427,1427,2023/06/19 18:42:22.964,200,2.83,62.8,9.4,-15.8,-0.098,0.987,0.011,0.2,37.9,65.65,23.29,992.81,1687167742,toileting
1349,1428,1428,2023/06/19 18:42:23.964,201,2.83,63.5,9.8,-14.7,-0.096,0.987,0.011,0.2,38.2,65.63,23.33,992.84,1687167743,toileting
1350,1429,1429,2023/06/19 18:42:24.964,202,2.83,62.8,9.1,-17.3,-0.097,0.986,0.01,0.4,35.3,65.58,23.31,992.78,1687167744,toileting
1351,1430,1430,2023/06/19 18:42:25.964,203,2.83,62.0,10.6,-16.6,-0.097,0.986,0.01,0.5,34.6,65.57,23.29,992.84,1687167745,toileting
1352,1431,1431,2023/06/19 18:42:26.964,204,2.83,62.0,10.9,-15.8,-0.098,0.987,0.01,0.4,35.8,65.57,23.29,992.86,1687167746,toileting
1353,1432,1432,2023/06/19 18:42:27.964,205,2.83,62.0,10.6,-16.9,-0.097,0.987,0.01,0.0,35.7,65.61,23.31,992.84,1687167747,toileting
1354,1433,1433,2023/06/19 18:42:28.964,206,2.83,60.2,9.8,-17.7,-0.097,0.986,0.01,0.2,32.2,65.65,23.31,992.81,1687167748,toileting
1355,1434,1434,2023/06/19 18:42:29.964,207,2.83,62.8,11.3,-15.4,-0.098,0.986,0.01,0.1,36.2,65.61,23.31,992.81,1687167749,toileting
1356,1435,1435,2023/06/19 18:42:30.964,208,2.83,63.9,9.4,-17.7,-0.097,0.986,0.009,0.1,35.8,65.61,23.31,992.86,1687167750,toileting
1357,1436,1436,2023/06/19 18:42:31.964,209,2.83,61.7,12.0,-19.2,-0.098,0.987,0.01,0.3,36.9,65.6,23.33,992.81,1687167751,toileting
1358,1437,1437,2023/06/19 18:42:32.964,210,2.83,62.0,9.8,-18.4,-0.098,0.986,0.011,0.1,38.5,65.61,23.31,992.86,1687167752,toileting
1359,1438,1438,2023/06/19 18:42:33.964,211,2.83,63.5,10.6,-16.9,-0.098,0.986,0.01,0.4,32.7,65.58,23.33,992.86,1687167753,toileting
1360,1439,1439,2023/06/19 18:42:34.964,212,2.83,63.1,10.2,-15.8,-0.097,0.986,0.01,0.2,34.6,65.58,23.27,992.86,1687167754,toileting
1361,1440,1440,2023/06/19 18:42:35.964,213,2.83,61.3,10.9,-19.2,-0.097,0.986,0.01,0.1,35.1,65.59,23.29,992.84,1687167755,toileting
1362,1441,1441,2023/06/19 18:42:36.964,214,2.83,61.3,10.2,-15.4,-0.097,0.986,0.01,0.3,37.2,65.61,23.31,992.86,1687167756,toileting
1363,1442,1442,2023/06/19 18:42:37.964,215,2.83,63.1,9.1,-16.2,-0.097,0.988,0.011,0.0,37.9,65.6,23.31,992.84,1687167757,toileting
1364,1443,1443,2023/06/19 18:42:38.964,216,2.83,63.5,10.9,-15.1,-0.097,0.987,0.01,0.1,36.3,65.64,23.31,992.81,1687167758,toileting
1365,1444,1444,2023/06/19 18:42:39.964,217,2.83,61.3,11.6,-16.2,-0.097,0.986,0.01,0.5,35.8,65.59,23.29,992.73,1687167759,toileting
1366,1445,1445,2023/06/19 18:42:40.964,218,2.83,62.0,10.9,-15.4,-0.097,0.987,0.01,0.2,35.1,65.63,23.31,992.81,1687167760,toileting
1367,1446,1446,2023/06/19 18:42:41.964,219,2.83,62.4,9.1,-16.6,-0.097,0.987,0.011,0.2,32.3,65.6,23.29,992.81,1687167761,toileting
1368,1447,1447,2023/06/19 18:42:42.964,220,2.83,61.3,9.8,-17.7,-0.097,0.987,0.011,0.2,35.8,65.62,23.29,992.81,1687167762,toileting
1369,1448,1448,2023/06/19 18:42:43.964,221,2.83,60.9,9.1,-16.6,-0.097,0.987,0.01,0.1,32.9,65.64,23.27,992.92,1687167763,toileting
1370,1449,1449,2023/06/19 18:42:44.964,222,2.83,62.4,10.6,-15.8,-0.097,0.987,0.009,0.2,33.4,65.6,23.29,992.81,1687167764,toileting
1371,1450,1450,2023/06/19 18:42:45.964,223,2.83,59.5,11.3,-16.2,-0.097,0.986,0.01,0.6,35.4,65.56,23.29,992.84,1687167765,toileting
1372,1451,1451,2023/06/19 18:42:46.964,224,2.83,62.8,8.8,-16.2,-0.097,0.987,0.01,0.0,31.5,65.62,23.33,992.81,1687167766,toileting
1373,1452,1452,2023/06/19 18:42:47.964,225,2.83,63.5,9.4,-13.2,-0.097,0.987,0.01,0.0,37.8,65.58,23.31,992.86,1687167767,toileting
1374,1453,1453,2023/06/19 18:42:48.964,226,2.83,61.7,9.8,-16.9,-0.098,0.987,0.009,0.4,34.4,65.56,23.31,992.86,1687167768,toileting
1375,1454,1454,2023/06/19 18:42:49.964,227,2.83,63.1,10.2,-14.7,-0.097,0.987,0.01,0.3,37.0,65.58,23.31,992.84,1687167769,toileting
1376,1455,1455,2023/06/19 18:42:50.964,228,2.83,63.9,11.6,-15.8,-0.097,0.987,0.01,0.3,35.5,65.57,23.27,992.81,1687167770,toileting
1377,1456,1456,2023/06/19 18:42:51.964,229,2.83,62.4,10.2,-15.1,-0.097,0.987,0.01,0.3,34.9,65.63,23.31,992.86,1687167771,toileting
1378,1457,1457,2023/06/19 18:42:52.964,230,2.83,63.9,11.3,-14.3,-0.098,0.987,0.009,0.1,37.6,65.54,23.33,992.81,1687167772,toileting
1379,1458,1458,2023/06/19 18:42:53.964,231,2.83,62.0,9.4,-17.7,-0.097,0.987,0.009,0.2,33.5,65.64,23.35,992.84,1687167773,toileting
1380,1459,1459,2023/06/19 18:42:54.964,232,2.83,61.7,10.6,-18.1,-0.098,0.987,0.01,0.6,37.8,65.55,23.29,992.84,1687167774,toileting
1381,1460,1460,2023/06/19 18:42:55.964,233,2.83,63.1,9.4,-12.8,-0.097,0.987,0.009,0.4,35.8,65.56,23.31,992.81,1687167775,toileting
1382,1461,1461,2023/06/19 18:42:56.964,234,2.83,63.5,10.9,-15.1,-0.098,0.987,0.01,0.1,34.2,65.55,23.29,992.84,1687167776,toileting
1383,1462,1462,2023/06/19 18:42:57.964,235,2.83,63.5,9.4,-14.7,-0.098,0.986,0.01,0.0,31.9,65.62,23.29,992.86,1687167777,toileting
1384,1463,1463,2023/06/19 18:42:58.964,236,2.83,61.3,9.4,-18.8,-0.097,0.987,0.01,0.6,33.8,65.58,23.35,992.84,1687167778,toileting
1385,1464,1464,2023/06/19 18:42:59.964,237,2.83,62.0,11.6,-13.6,-0.098,0.986,0.01,0.0,37.1,65.58,23.29,992.84,1687167779,toileting
1386,1465,1465,2023/06/19 18:43:00.964,238,2.83,62.4,8.4,-14.7,-0.097,0.987,0.01,0.3,37.0,65.59,23.35,992.81,1687167780,toileting
1387,1466,1466,2023/06/19 18:43:01.964,239,2.83,62.4,11.6,-15.4,-0.098,0.986,0.01,0.1,34.3,65.61,23.31,992.78,1687167781,toileting
1388,1467,1467,2023/06/19 18:43:02.964,240,2.83,60.9,10.9,-16.6,-0.098,0.986,0.009,0.1,37.0,65.59,23.31,992.73,1687167782,toileting
1389,1468,1468,2023/06/19 18:43:03.964,241,2.83,63.1,9.8,-18.1,-0.098,0.986,0.009,0.2,34.7,65.61,23.29,992.81,1687167783,toileting
1390,1469,1469,2023/06/19 18:43:04.964,242,2.83,63.1,9.4,-20.3,-0.097,0.986,0.01,0.0,35.0,65.58,23.31,992.81,1687167784,toileting
1391,1470,1470,2023/06/19 18:43:05.964,243,2.83,63.9,10.6,-15.1,-0.097,0.987,0.009,0.6,36.5,65.61,23.29,992.81,1687167785,toileting
1392,1471,1471,2023/06/19 18:43:06.964,244,2.83,60.9,9.4,-15.8,-0.097,0.987,0.011,0.5,38.2,65.6,23.29,992.81,1687167786,toileting
1393,1472,1472,2023/06/19 18:43:07.964,245,2.83,62.8,11.3,-17.3,-0.097,0.987,0.01,0.1,37.2,65.62,23.33,992.78,1687167787,toileting
1394,1473,1473,2023/06/19 18:43:08.964,246,2.83,63.9,11.6,-15.1,-0.097,0.987,0.01,0.2,36.4,65.63,23.31,992.84,1687167788,toileting
1395,1474,1474,2023/06/19 18:43:09.964,247,2.83,62.8,11.6,-16.6,-0.098,0.986,0.01,0.9,35.6,65.61,23.31,992.81,1687167789,toileting
1396,1475,1475,2023/06/19 18:43:10.964,248,2.83,60.6,12.0,-16.2,-0.097,0.987,0.009,0.4,33.1,65.55,23.29,992.84,1687167790,toileting
1397,1476,1476,2023/06/19 18:43:11.964,249,2.83,63.1,10.2,-18.1,-0.097,0.987,0.01,0.1,38.2,65.59,23.29,992.78,1687167791,toileting
1398,1477,1477,2023/06/19 18:43:12.964,250,2.83,62.4,9.4,-15.4,-0.098,0.988,0.011,0.3,38.1,65.58,23.33,992.84,1687167792,toileting
1399,1478,1478,2023/06/19 18:43:13.964,251,2.83,62.0,10.2,-16.6,-0.098,0.987,0.01,0.0,38.6,65.57,23.29,992.84,1687167793,toileting
1400,1479,1479,2023/06/19 18:43:14.964,252,2.83,62.8,10.9,-15.4,-0.097,0.986,0.009,0.2,37.1,65.55,23.31,992.73,1687167794,toileting
1401,1480,1480,2023/06/19 18:43:15.964,253,2.83,62.8,12.8,-11.7,-0.098,0.986,0.01,0.4,35.6,65.63,23.31,992.78,1687167795,toileting
1402,1481,1481,2023/06/19 18:43:16.964,254,2.83,63.1,9.8,-19.9,-0.097,0.987,0.01,0.3,36.9,65.63,23.33,992.76,1687167796,toileting
1403,1482,1482,2023/06/19 18:43:17.964,255,2.83,63.1,10.2,-15.4,-0.097,0.986,0.011,0.2,36.6,65.61,23.35,992.76,1687167797,toileting
1404,1483,1483,2023/06/19 18:43:18.964,0,2.83,62.4,9.8,-16.6,-0.098,0.986,0.011,0.1,37.4,65.64,23.33,992.81,1687167798,toileting
1405,1484,1484,2023/06/19 18:43:19.964,1,2.83,63.5,9.1,-16.2,-0.097,0.987,0.01,0.1,34.1,65.55,23.31,992.76,1687167799,toileting
1406,1485,1485,2023/06/19 18:43:20.964,2,2.83,63.9,11.6,-16.9,-0.097,0.987,0.01,0.2,37.0,65.61,23.27,992.78,1687167800,toileting
1407,1486,1486,2023/06/19 18:43:21.964,3,2.83,62.0,9.4,-14.7,-0.098,0.987,0.01,0.8,35.3,65.54,23.31,992.89,1687167801,toileting
1408,1487,1487,2023/06/19 18:43:22.964,4,2.83,62.0,10.9,-13.2,-0.098,0.986,0.01,0.2,32.6,65.54,23.29,992.84,1687167802,toileting
1409,1488,1488,2023/06/19 18:43:23.964,5,2.83,63.1,9.4,-14.7,-0.097,0.986,0.01,0.2,33.5,65.53,23.33,992.84,1687167803,toileting
1410,1489,1489,2023/06/19 18:43:24.964,6,2.83,62.4,11.6,-15.4,-0.097,0.986,0.01,0.3,38.9,65.54,23.29,992.76,1687167804,toileting
1411,1490,1490,2023/06/19 18:43:25.964,7,2.83,62.8,11.3,-15.4,-0.098,0.987,0.01,0.0,38.1,65.61,23.31,992.76,1687167805,toileting
1412,1491,1491,2023/06/19 18:43:26.964,8,2.83,63.9,11.6,-16.9,-0.097,0.986,0.01,0.2,35.8,65.55,23.29,992.81,1687167806,toileting
1413,1492,1492,2023/06/19 18:43:27.964,9,2.83,62.8,8.8,-19.6,-0.098,0.987,0.01,0.2,34.1,65.62,23.29,992.78,1687167807,toileting
1414,1493,1493,2023/06/19 18:43:28.964,10,2.83,63.5,9.1,-16.2,-0.097,0.986,0.01,0.2,35.1,65.59,23.29,992.78,1687167808,toileting
1415,1494,1494,2023/06/19 18:43:29.964,11,2.83,62.0,9.4,-15.1,-0.097,0.987,0.011,0.2,39.0,65.54,23.33,992.76,1687167809,toileting
1416,1495,1495,2023/06/19 18:43:30.964,12,2.83,63.9,10.6,-13.9,-0.097,0.986,0.01,0.0,34.6,65.59,23.31,992.78,1687167810,toileting
1417,1496,1496,2023/06/19 18:43:31.964,13,2.83,61.7,11.3,-17.7,-0.098,0.987,0.011,0.4,34.0,65.56,23.29,992.86,1687167811,toileting
1418,1497,1497,2023/06/19 18:43:32.964,14,2.83,63.1,9.8,-15.4,-0.098,0.986,0.01,0.2,35.4,65.59,23.35,992.84,1687167812,toileting
1419,1498,1498,2023/06/19 18:43:33.964,15,2.83,63.5,10.2,-16.6,-0.098,0.986,0.01,0.1,32.2,65.59,23.29,992.81,1687167813,toileting
1420,1499,1499,2023/06/19 18:43:34.964,16,2.83,62.0,9.4,-18.8,-0.097,0.986,0.01,0.2,34.6,65.55,23.33,992.76,1687167814,toileting
1421,1500,1500,2023/06/19 18:43:35.964,17,2.83,63.1,10.2,-12.8,-0.097,0.986,0.01,0.4,34.0,65.6,23.33,992.84,1687167815,toileting
1422,1501,1501,2023/06/19 18:43:36.964,18,2.83,62.4,9.8,-16.2,-0.097,0.987,0.011,0.3,35.1,65.57,23.31,992.78,1687167816,toileting
1423,1502,1502,2023/06/19 18:43:37.964,19,2.83,61.3,10.9,-18.1,-0.097,0.986,0.01,0.1,31.2,65.59,23.31,992.81,1687167817,toileting
1424,1503,1503,2023/06/19 18:43:38.964,20,2.83,61.7,10.2,-16.2,-0.097,0.987,0.011,0.5,35.7,65.65,23.31,992.81,1687167818,toileting
1425,1504,1504,2023/06/19 18:43:39.964,21,2.83,62.4,10.6,-15.4,-0.098,0.987,0.01,0.3,34.7,65.58,23.29,992.84,1687167819,toileting
1426,1505,1505,2023/06/19 18:43:40.964,22,2.83,61.3,10.2,-15.1,-0.097,0.987,0.011,0.1,35.2,65.56,23.31,992.78,1687167820,toileting
1427,1506,1506,2023/06/19 18:43:41.964,23,2.83,62.4,9.8,-16.9,-0.097,0.987,0.011,0.4,36.2,65.55,23.33,992.81,1687167821,toileting
1428,1507,1507,2023/06/19 18:43:42.964,24,2.83,62.0,10.2,-17.3,-0.098,0.987,0.01,0.1,36.3,65.58,23.33,992.76,1687167822,toileting
1429,1508,1508,2023/06/19 18:43:43.964,25,2.83,62.4,9.1,-17.7,-0.097,0.987,0.01,0.1,36.3,65.56,23.27,992.81,1687167823,toileting
1430,1509,1509,2023/06/19 18:43:44.964,26,2.83,62.8,9.8,-18.8,-0.099,0.987,0.01,0.1,35.5,65.56,23.33,992.81,1687167824,toileting
1431,1510,1510,2023/06/19 18:43:45.964,27,2.83,62.0,11.3,-16.9,-0.097,0.987,0.009,0.1,36.3,65.51,23.29,992.78,1687167825,toileting
1432,1511,1511,2023/06/19 18:43:46.964,28,2.83,61.3,10.2,-12.8,-0.098,0.986,0.009,0.0,35.8,65.55,23.27,992.81,1687167826,toileting
1433,1512,1512,2023/06/19 18:43:47.964,29,2.83,62.0,10.2,-15.8,-0.097,0.987,0.009,0.2,34.0,65.6,23.35,992.84,1687167827,toileting
1434,1513,1513,2023/06/19 18:43:48.964,30,2.83,63.5,12.4,-16.2,-0.097,0.987,0.01,0.1,39.1,65.56,23.33,992.84,1687167828,toileting
1435,1514,1514,2023/06/19 18:43:49.964,31,2.83,60.9,10.9,-16.9,-0.097,0.987,0.01,0.1,33.9,65.58,23.29,992.86,1687167829,toileting
1436,1515,1515,2023/06/19 18:43:50.964,32,2.83,62.4,9.8,-16.2,-0.098,0.986,0.01,0.0,39.6,65.54,23.31,992.81,1687167830,toileting
1437,1516,1516,2023/06/19 18:43:51.964,33,2.83,62.4,10.6,-15.1,-0.097,0.986,0.011,0.3,37.5,65.55,23.29,992.84,1687167831,toileting
1438,1517,1517,2023/06/19 18:43:52.964,34,2.83,62.8,10.9,-13.9,-0.097,0.987,0.01,0.1,35.5,65.54,23.29,992.86,1687167832,toileting
1439,1518,1518,2023/06/19 18:43:53.964,35,2.83,61.7,9.1,-16.2,-0.097,0.987,0.01,0.1,35.8,65.54,23.33,992.86,1687167833,toileting
1440,1519,1519,2023/06/19 18:43:54.964,36,2.83,61.3,10.2,-13.9,-0.098,0.987,0.01,0.2,34.0,65.59,23.33,992.89,1687167834,toileting
1441,1520,1520,2023/06/19 18:43:55.964,37,2.83,61.3,10.6,-14.3,-0.098,0.986,0.009,0.0,37.1,65.58,23.29,992.89,1687167835,toileting
1442,1521,1521,2023/06/19 18:43:56.964,38,2.83,62.0,9.8,-17.7,-0.096,0.987,0.01,0.2,37.9,65.53,23.29,992.84,1687167836,toileting
1443,1522,1522,2023/06/19 18:43:57.964,39,2.83,62.0,9.4,-12.1,-0.097,0.986,0.011,0.4,34.7,65.64,23.35,992.89,1687167837,toileting
1444,1523,1523,2023/06/19 18:43:58.964,40,2.83,63.5,10.2,-16.2,-0.097,0.986,0.011,0.2,31.4,65.58,23.31,992.92,1687167838,toileting
1445,1524,1524,2023/06/19 18:43:59.964,41,2.83,63.9,9.4,-17.7,-0.097,0.986,0.01,0.1,35.2,65.61,23.29,992.86,1687167839,toileting
1446,1525,1525,2023/06/19 18:44:00.964,42,2.83,63.1,11.6,-17.3,-0.097,0.985,0.01,0.1,35.2,65.56,23.33,992.89,1687167840,toileting
1447,1526,1526,2023/06/19 18:44:01.964,43,2.83,61.7,9.4,-15.8,-0.097,0.987,0.01,0.1,31.2,65.52,23.31,992.84,1687167841,toileting
1448,1527,1527,2023/06/19 18:44:02.964,44,2.83,62.0,10.6,-19.2,-0.098,0.987,0.01,0.6,35.1,65.59,23.31,992.78,1687167842,toileting
1449,1528,1528,2023/06/19 18:44:03.964,45,2.83,62.0,9.8,-18.4,-0.098,0.987,0.01,0.3,37.5,65.59,23.31,992.84,1687167843,toileting
1450,1529,1529,2023/06/19 18:44:04.964,46,2.83,63.1,10.2,-17.7,-0.098,0.987,0.009,0.1,34.0,65.65,23.33,992.89,1687167844,toileting
1451,1530,1530,2023/06/19 18:44:05.964,47,2.83,63.5,9.8,-15.8,-0.097,0.986,0.009,0.0,34.6,65.55,23.33,992.84,1687167845,toileting
1452,1531,1531,2023/06/19 18:44:06.964,48,2.83,63.5,9.8,-15.8,-0.098,0.987,0.009,0.5,34.0,65.58,23.31,992.84,1687167846,toileting
1453,1532,1532,2023/06/19 18:44:07.964,49,2.83,61.7,10.6,-17.7,-0.098,0.987,0.011,0.2,34.5,65.62,23.35,992.86,1687167847,toileting
1454,1533,1533,2023/06/19 18:44:08.964,50,2.83,61.7,12.0,-18.1,-0.099,0.986,0.009,0.0,36.2,65.53,23.31,992.84,1687167848,toileting
1455,1534,1534,2023/06/19 18:44:09.964,51,2.83,62.8,10.2,-15.4,-0.097,0.987,0.01,0.4,37.8,65.61,23.33,992.84,1687167849,toileting
1456,1535,1535,2023/06/19 18:44:10.964,52,2.83,62.4,10.2,-16.9,-0.098,0.987,0.01,0.2,34.3,65.58,23.31,992.84,1687167850,toileting
1457,1536,1536,2023/06/19 18:44:11.964,53,2.83,62.8,10.2,-16.2,-0.098,0.986,0.01,0.6,34.7,65.56,23.31,992.84,1687167851,toileting
1458,1537,1537,2023/06/19 18:44:12.964,54,2.83,60.9,10.2,-13.9,-0.097,0.986,0.01,0.0,34.6,65.6,23.31,992.84,1687167852,toileting
1459,1538,1538,2023/06/19 18:44:13.964,55,2.83,61.7,9.4,-15.1,-0.098,0.986,0.009,0.2,35.7,65.58,23.35,992.78,1687167853,toileting
1460,1539,1539,2023/06/19 18:44:14.964,56,2.83,61.7,10.6,-15.4,-0.097,0.986,0.01,0.0,39.1,65.58,23.33,992.84,1687167854,toileting
1461,1540,1540,2023/06/19 18:44:15.964,57,2.83,62.0,11.3,-17.7,-0.097,0.987,0.011,0.1,37.1,65.59,23.35,992.84,1687167855,toileting
1462,1541,1541,2023/06/19 18:44:16.964,58,2.83,62.4,10.6,-13.9,-0.097,0.986,0.011,0.1,35.7,65.57,23.31,992.81,1687167856,toileting
1463,1542,1542,2023/06/19 18:44:17.964,59,2.83,60.6,9.8,-18.4,-0.097,0.986,0.009,0.7,35.8,65.56,23.35,992.78,1687167857,toileting
1464,1543,1543,2023/06/19 18:44:18.964,60,2.83,62.8,10.2,-15.1,-0.097,0.987,0.01,0.1,34.3,65.6,23.31,992.81,1687167858,toileting
1465,1544,1544,2023/06/19 18:44:19.964,61,2.83,63.5,10.9,-16.2,-0.097,0.987,0.01,0.0,36.3,65.65,23.31,992.81,1687167859,toileting
1466,1545,1545,2023/06/19 18:44:20.964,62,2.83,62.8,11.3,-16.6,-0.097,0.987,0.01,0.1,33.0,65.62,23.31,992.84,1687167860,toileting
1467,1546,1546,2023/06/19 18:44:21.964,63,2.83,61.7,10.2,-14.7,-0.098,0.986,0.011,0.2,36.7,65.61,23.31,992.84,1687167861,toileting
1468,1547,1547,2023/06/19 18:44:22.964,64,2.83,61.3,12.0,-17.7,-0.097,0.987,0.011,0.1,36.8,65.64,23.31,992.76,1687167862,toileting
1469,1548,1548,2023/06/19 18:44:23.964,65,2.83,61.7,10.9,-17.7,-0.097,0.986,0.011,0.2,36.6,65.57,23.33,992.78,1687167863,toileting
1470,1549,1549,2023/06/19 18:44:24.964,66,2.83,60.6,10.2,-16.9,-0.098,0.986,0.01,0.1,35.8,65.57,23.35,992.84,1687167864,toileting
1471,1550,1550,2023/06/19 18:44:25.964,67,2.83,61.7,10.6,-15.4,-0.097,0.987,0.01,0.1,36.7,65.58,23.29,992.86,1687167865,toileting
1472,1551,1551,2023/06/19 18:44:26.964,68,2.83,63.1,10.2,-15.8,-0.098,0.986,0.011,0.2,35.8,65.59,23.29,992.84,1687167866,toileting
1473,1552,1552,2023/06/19 18:44:27.964,69,2.83,63.1,10.6,-15.1,-0.097,0.987,0.011,0.2,35.8,65.65,23.33,992.86,1687167867,toileting
1474,1553,1553,2023/06/19 18:44:28.964,70,2.83,62.8,10.2,-15.1,-0.097,0.987,0.01,0.3,37.1,65.59,23.35,992.78,1687167868,toileting
1475,1554,1554,2023/06/19 18:44:29.964,71,2.83,62.0,8.8,-14.3,-0.097,0.986,0.01,0.2,37.8,65.58,23.29,992.86,1687167869,toileting
1476,1555,1555,2023/06/19 18:44:30.964,72,2.83,63.1,8.8,-18.1,-0.097,0.986,0.01,0.2,37.1,65.51,23.33,992.81,1687167870,toileting
1477,1556,1556,2023/06/19 18:44:31.964,73,2.83,61.3,10.2,-17.3,-0.098,0.987,0.011,0.1,39.4,65.58,23.29,992.81,1687167871,toileting
1478,1557,1557,2023/06/19 18:44:32.964,74,2.83,64.6,9.1,-16.6,-0.098,0.987,0.01,0.0,37.6,65.56,23.31,992.78,1687167872,toileting
1479,1558,1558,2023/06/19 18:44:33.964,75,2.83,62.0,9.8,-15.4,-0.097,0.987,0.011,0.5,40.4,65.59,23.35,992.73,1687167873,toileting
1480,1559,1559,2023/06/19 18:44:34.964,76,2.83,63.5,10.2,-15.4,-0.097,0.986,0.01,0.1,33.9,65.57,23.29,992.76,1687167874,toileting
1481,1560,1560,2023/06/19 18:44:35.964,77,2.83,63.5,11.3,-15.4,-0.097,0.987,0.01,0.1,35.5,65.6,23.36,992.84,1687167875,toileting
1482,1561,1561,2023/06/19 18:44:36.964,78,2.83,63.5,11.6,-18.1,-0.097,0.987,0.009,0.3,37.4,65.62,23.35,992.86,1687167876,toileting
1483,1562,1562,2023/06/19 18:44:37.964,79,2.83,63.5,10.9,-16.2,-0.098,0.987,0.01,0.2,37.0,65.59,23.31,992.78,1687167877,toileting
1484,1563,1563,2023/06/19 18:44:38.964,80,2.83,62.0,9.8,-18.1,-0.098,0.986,0.01,0.2,34.6,65.58,23.35,992.84,1687167878,toileting
1485,1564,1564,2023/06/19 18:44:39.964,81,2.83,63.5,11.6,-15.4,-0.097,0.986,0.01,0.5,35.5,65.6,23.35,992.84,1687167879,toileting
1486,1565,1565,2023/06/19 18:44:40.964,82,2.83,62.0,10.6,-14.7,-0.097,0.987,0.01,0.1,36.3,65.53,23.31,992.84,1687167880,toileting
1487,1566,1566,2023/06/19 18:44:41.964,83,2.83,64.2,9.8,-16.6,-0.097,0.986,0.011,0.4,39.9,65.61,23.29,992.73,1687167881,toileting
1488,1567,1567,2023/06/19 18:44:42.964,84,2.83,62.4,11.3,-16.6,-0.097,0.987,0.01,0.3,35.8,65.56,23.29,992.84,1687167882,toileting
1489,1568,1568,2023/06/19 18:44:43.954,85,2.83,63.5,9.8,-13.9,-0.097,0.987,0.01,0.4,36.2,65.61,23.35,992.86,1687167883,toileting
1490,1569,1569,2023/06/19 18:44:44.944,86,2.83,64.6,10.6,-16.9,-0.097,0.987,0.01,0.2,37.8,65.54,23.36,992.84,1687167884,toileting
1491,1570,1570,2023/06/19 18:44:45.934,87,2.83,63.9,9.8,-17.7,-0.097,0.987,0.011,0.0,35.9,65.58,23.33,992.81,1687167885,toileting
1492,1571,1571,2023/06/19 18:44:46.924,88,2.83,61.7,10.6,-15.1,-0.098,0.987,0.01,0.2,36.6,65.58,23.31,992.86,1687167886,toileting
1493,1572,1572,2023/06/19 18:44:47.914,89,2.83,62.4,10.9,-15.8,-0.097,0.986,0.009,0.1,35.0,65.61,23.35,992.78,1687167887,toileting
1494,1573,1573,2023/06/19 18:44:48.904,90,2.83,62.0,9.8,-13.6,-0.097,0.987,0.011,0.2,37.2,65.54,23.35,992.84,1687167888,toileting
1495,1574,1574,2023/06/19 18:44:49.894,91,2.83,61.3,9.8,-13.9,-0.098,0.986,0.01,0.2,36.3,65.59,23.38,992.84,1687167889,toileting
1496,1575,1575,2023/06/19 18:44:50.884,92,2.83,62.4,10.9,-16.6,-0.097,0.986,0.01,0.6,35.0,65.58,23.33,992.86,1687167890,toileting
1497,1576,1576,2023/06/19 18:44:51.874,93,2.83,62.8,10.2,-17.7,-0.098,0.987,0.01,0.3,35.8,65.6,23.35,992.86,1687167891,toileting
1498,1577,1577,2023/06/19 18:44:52.864,94,2.83,62.8,11.3,-17.7,-0.097,0.987,0.01,0.1,35.5,65.58,23.33,992.86,1687167892,toileting
1499,1578,1578,2023/06/19 18:44:53.854,95,2.83,63.1,9.8,-18.4,-0.097,0.988,0.009,0.3,39.1,65.57,23.33,992.76,1687167893,toileting
1500,1579,1579,2023/06/19 18:44:54.844,96,2.83,63.1,9.4,-18.1,-0.097,0.987,0.01,0.0,37.8,65.54,23.33,992.84,1687167894,toileting
1501,1580,1580,2023/06/19 18:44:55.834,97,2.83,61.7,10.2,-19.9,-0.098,0.986,0.01,0.2,36.5,65.62,23.31,992.86,1687167895,toileting
1502,1581,1581,2023/06/19 18:44:56.824,98,2.83,61.7,10.6,-16.6,-0.097,0.987,0.01,0.2,37.1,65.58,23.31,992.84,1687167896,toileting
1503,1582,1582,2023/06/19 18:44:57.814,99,2.83,63.9,10.9,-16.9,-0.097,0.987,0.01,0.1,37.8,65.54,23.36,992.84,1687167897,toileting
1504,1583,1583,2023/06/19 18:44:58.804,100,2.83,63.5,10.6,-22.2,-0.098,0.987,0.01,0.3,34.2,65.63,23.36,992.86,1687167898,toileting
1505,1584,1584,2023/06/19 18:44:59.794,101,2.83,62.8,10.6,-15.8,-0.097,0.987,0.01,0.1,37.0,65.61,23.35,992.78,1687167899,toileting
1506,1585,1585,2023/06/19 18:45:00.784,102,2.83,62.0,9.4,-13.6,-0.098,0.987,0.01,0.1,37.1,65.56,23.33,992.84,1687167900,toileting
1507,1586,1586,2023/06/19 18:45:01.774,103,2.83,61.3,9.8,-14.3,-0.097,0.986,0.01,0.1,35.5,65.58,23.33,992.84,1687167901,toileting
1508,1587,1587,2023/06/19 18:45:02.764,104,2.83,62.4,10.2,-17.3,-0.098,0.987,0.01,0.0,37.1,65.6,23.35,992.81,1687167902,toileting
1509,1588,1588,2023/06/19 18:45:03.754,105,2.83,61.7,10.9,-18.4,-0.097,0.986,0.011,0.1,36.7,65.59,23.35,992.81,1687167903,toileting
1510,1589,1589,2023/06/19 18:45:04.744,106,2.83,62.0,9.8,-15.4,-0.098,0.986,0.01,0.3,40.6,65.55,23.33,992.86,1687167904,toileting
1511,1590,1590,2023/06/19 18:45:05.734,107,2.83,63.9,9.8,-16.9,-0.097,0.987,0.01,0.3,34.3,65.58,23.36,992.89,1687167905,toileting
1512,1591,1591,2023/06/19 18:45:06.724,108,2.83,63.1,11.6,-16.2,-0.097,0.987,0.012,0.0,37.2,65.59,23.33,992.86,1687167906,toileting
1513,1592,1592,2023/06/19 18:45:07.714,109,2.83,62.0,10.2,-16.9,-0.097,0.987,0.01,0.2,34.8,65.59,23.35,992.84,1687167907,toileting
1514,1593,1593,2023/06/19 18:45:08.704,110,2.83,62.8,10.2,-18.4,-0.098,0.987,0.01,0.6,35.2,65.59,23.33,992.84,1687167908,toileting
1515,1594,1594,2023/06/19 18:45:09.694,111,2.83,63.5,9.1,-15.4,-0.097,0.986,0.01,0.1,35.1,65.54,23.33,992.78,1687167909,toileting
1516,1595,1595,2023/06/19 18:45:10.684,112,2.83,61.3,10.6,-19.2,-0.097,0.987,0.01,0.0,35.0,65.58,23.29,992.81,1687167910,toileting
1517,1596,1596,2023/06/19 18:45:11.674,113,2.83,60.6,10.6,-17.7,-0.097,0.987,0.009,0.0,36.7,65.58,23.38,992.76,1687167911,toileting
1518,1597,1597,2023/06/19 18:45:12.664,114,2.83,61.7,9.8,-16.2,-0.098,0.986,0.01,0.2,35.1,65.61,23.36,992.78,1687167912,toileting
1519,1598,1598,2023/06/19 18:45:13.654,115,2.83,63.1,9.8,-16.2,-0.098,0.987,0.008,0.4,36.6,65.6,23.35,992.81,1687167913,toileting
1520,1599,1599,2023/06/19 18:45:14.644,116,2.83,62.0,10.6,-17.7,-0.098,0.986,0.01,0.4,35.1,65.55,23.33,992.84,1687167914,toileting
1521,1600,1600,2023/06/19 18:45:15.634,117,2.83,63.5,10.2,-15.8,-0.097,0.986,0.01,0.4,34.3,65.58,23.33,992.84,1687167915,toileting
1522,1601,1601,2023/06/19 18:45:16.624,118,2.83,62.0,10.6,-16.9,-0.097,0.987,0.011,0.4,33.4,65.59,23.29,992.78,1687167916,toileting
1523,1602,1602,2023/06/19 18:45:17.614,119,2.83,62.8,10.6,-16.9,-0.098,0.987,0.01,0.2,37.2,65.56,23.33,992.78,1687167917,toileting
1524,1603,1603,2023/06/19 18:45:18.604,120,2.83,62.4,9.8,-15.4,-0.098,0.986,0.011,0.2,35.1,65.6,23.35,992.84,1687167918,toileting
1525,1604,1604,2023/06/19 18:45:19.594,121,2.83,62.8,12.0,-16.6,-0.097,0.986,0.011,0.2,35.4,65.57,23.29,992.81,1687167919,toileting
1526,1605,1605,2023/06/19 18:45:20.584,122,2.83,62.4,9.8,-17.3,-0.098,0.987,0.01,0.2,36.8,65.57,23.35,992.76,1687167920,toileting
1527,1606,1606,2023/06/19 18:45:21.584,123,2.83,64.9,10.2,-15.1,-0.097,0.986,0.011,0.7,37.8,65.56,23.35,992.78,1687167921,toileting
1528,1607,1607,2023/06/19 18:45:22.584,124,2.83,64.2,10.6,-14.7,-0.098,0.986,0.009,0.2,36.3,65.61,23.33,992.86,1687167922,toileting
1529,1608,1608,2023/06/19 18:45:23.584,125,2.83,62.8,9.1,-16.2,-0.097,0.987,0.01,0.1,35.5,65.56,23.35,992.81,1687167923,toileting
1530,1609,1609,2023/06/19 18:45:24.584,126,2.83,63.5,10.9,-14.3,-0.097,0.987,0.01,0.5,35.7,65.57,23.33,992.84,1687167924,toileting
1531,1610,1610,2023/06/19 18:45:25.584,127,2.83,61.7,10.9,-17.3,-0.097,0.987,0.011,0.2,36.5,65.63,23.35,992.86,1687167925,toileting
1532,1611,1611,2023/06/19 18:45:26.584,128,2.83,63.1,11.6,-18.8,-0.097,0.987,0.011,0.0,35.8,65.55,23.33,992.78,1687167926,toileting
1533,1612,1612,2023/06/19 18:45:27.584,129,2.83,63.1,11.3,-16.9,-0.097,0.986,0.01,0.1,38.2,65.6,23.31,992.78,1687167927,toileting
1534,1613,1613,2023/06/19 18:45:28.584,130,2.83,61.7,9.8,-15.4,-0.097,0.987,0.01,0.1,37.9,65.57,23.31,992.86,1687167928,toileting
1535,1614,1614,2023/06/19 18:45:29.584,131,2.83,62.4,10.9,-17.7,-0.097,0.987,0.01,0.1,35.1,65.62,23.36,992.86,1687167929,toileting
1536,1615,1615,2023/06/19 18:45:30.584,132,2.83,63.9,10.6,-15.1,-0.097,0.986,0.011,0.0,38.5,65.62,23.35,992.86,1687167930,toileting
1537,1616,1616,2023/06/19 18:45:31.584,133,2.83,62.0,10.9,-15.4,-0.097,0.986,0.01,0.6,33.5,65.63,23.31,992.84,1687167931,toileting
1538,1617,1617,2023/06/19 18:45:32.584,134,2.83,60.9,8.8,-15.8,-0.097,0.987,0.01,0.6,37.6,65.54,23.35,992.78,1687167932,toileting
1539,1618,1618,2023/06/19 18:45:33.584,135,2.83,62.8,9.4,-13.6,-0.097,0.987,0.01,0.4,37.8,65.63,23.35,992.78,1687167933,toileting
1540,1619,1619,2023/06/19 18:45:34.584,136,2.83,62.4,9.8,-16.2,-0.098,0.987,0.01,0.2,35.3,65.6,23.31,992.78,1687167934,toileting
1541,1620,1620,2023/06/19 18:45:35.584,137,2.83,63.9,9.8,-17.3,-0.097,0.987,0.01,0.2,35.5,65.59,23.33,992.84,1687167935,toileting
1542,1621,1621,2023/06/19 18:45:36.584,138,2.83,64.2,11.3,-16.2,-0.097,0.987,0.01,0.6,35.6,65.54,23.36,992.84,1687167936,toileting
1543,1622,1622,2023/06/19 18:45:37.584,139,2.83,63.1,11.6,-16.2,-0.097,0.986,0.01,0.2,32.4,65.63,23.33,992.78,1687167937,toileting
1544,1623,1623,2023/06/19 18:45:38.584,140,2.83,63.1,10.9,-15.4,-0.097,0.986,0.01,0.1,37.1,65.58,23.31,992.89,1687167938,toileting
1545,1624,1624,2023/06/19 18:45:39.584,141,2.83,61.7,9.4,-14.7,-0.097,0.987,0.01,0.1,38.6,65.61,23.31,992.86,1687167939,toileting
1546,1625,1625,2023/06/19 18:45:40.584,142,2.83,63.5,10.9,-15.1,-0.098,0.987,0.011,0.1,37.4,65.6,23.36,992.86,1687167940,toileting
1547,1626,1626,2023/06/19 18:45:41.584,143,2.83,63.9,10.9,-16.9,-0.097,0.986,0.01,0.2,36.8,65.62,23.35,992.86,1687167941,toileting
1548,1627,1627,2023/06/19 18:45:42.584,144,2.83,62.0,10.9,-13.6,-0.098,0.986,0.01,0.4,34.6,65.59,23.33,992.84,1687167942,toileting
1549,1628,1628,2023/06/19 18:45:43.584,145,2.83,63.1,9.8,-16.6,-0.098,0.987,0.01,0.1,35.1,65.62,23.33,992.81,1687167943,toileting
1550,1629,1629,2023/06/19 18:45:44.584,146,2.83,63.5,8.8,-16.6,-0.097,0.987,0.011,0.1,34.6,65.57,23.36,992.86,1687167944,toileting
1551,1630,1630,2023/06/19 18:45:45.584,147,2.83,62.4,10.6,-16.6,-0.097,0.986,0.01,0.2,36.3,65.58,23.35,992.84,1687167945,toileting
1552,1631,1631,2023/06/19 18:45:46.584,148,2.83,62.4,10.6,-15.8,-0.097,0.987,0.011,0.1,39.1,65.57,23.36,992.86,1687167946,toileting
1553,1632,1632,2023/06/19 18:45:47.584,149,2.83,63.1,9.8,-18.4,-0.097,0.986,0.01,0.1,34.6,65.58,23.36,992.92,1687167947,toileting
1554,1633,1633,2023/06/19 18:45:48.584,150,2.83,62.4,12.4,-14.3,-0.097,0.987,0.011,0.3,36.3,65.58,23.36,992.89,1687167948,toileting
1555,1634,1634,2023/06/19 18:45:49.584,151,2.83,61.3,10.9,-18.8,-0.097,0.987,0.01,0.2,37.8,65.58,23.33,992.89,1687167949,toileting
1556,1635,1635,2023/06/19 18:45:50.584,152,2.83,61.7,10.2,-16.6,-0.097,0.987,0.01,0.4,37.4,65.49,23.36,992.81,1687167950,toileting
1557,1636,1636,2023/06/19 18:45:51.584,153,2.83,62.4,10.9,-16.2,-0.097,0.987,0.011,0.1,36.9,65.53,23.36,992.78,1687167951,toileting
1558,1637,1637,2023/06/19 18:45:52.584,154,2.83,62.4,10.6,-14.7,-0.097,0.987,0.01,0.4,36.3,65.56,23.35,992.81,1687167952,toileting
1559,1638,1638,2023/06/19 18:45:53.584,155,2.83,62.1,10.6,-15.1,-0.098,0.987,0.011,0.0,38.0,65.53,23.36,992.86,1687167953,toileting
1560,1639,1639,2023/06/19 18:45:54.584,156,2.83,62.4,10.6,-18.1,-0.097,0.987,0.01,0.0,37.9,65.55,23.33,992.78,1687167954,toileting
1561,1640,1640,2023/06/19 18:45:55.584,157,2.83,62.8,10.2,-15.8,-0.097,0.987,0.011,0.1,36.7,65.59,23.36,992.89,1687167955,toileting
1562,1641,1641,2023/06/19 18:45:56.584,158,2.83,63.1,9.8,-17.3,-0.097,0.986,0.01,0.4,37.8,65.54,23.38,992.86,1687167956,toileting
1563,1642,1642,2023/06/19 18:45:57.584,159,2.83,62.0,10.2,-14.7,-0.097,0.986,0.01,0.1,38.0,65.61,23.4,992.81,1687167957,toileting
1564,1643,1643,2023/06/19 18:45:58.584,160,2.83,62.4,11.6,-18.8,-0.096,0.986,0.011,0.4,36.7,65.62,23.36,992.81,1687167958,toileting
1565,1644,1644,2023/06/19 18:45:59.584,161,2.83,63.1,11.3,-17.7,-0.098,0.987,0.01,0.4,36.9,65.57,23.35,992.84,1687167959,toileting
1566,1645,1645,2023/06/19 18:46:00.584,162,2.83,62.4,9.8,-15.8,-0.097,0.986,0.01,0.1,37.4,65.55,23.36,992.92,1687167960,toileting
1567,1646,1646,2023/06/19 18:46:01.584,163,2.83,62.4,10.6,-14.3,-0.097,0.986,0.01,0.2,36.8,65.56,23.33,992.84,1687167961,toileting
1568,1647,1647,2023/06/19 18:46:02.584,164,2.83,63.5,10.9,-18.4,-0.097,0.987,0.01,0.7,38.5,65.55,23.36,992.86,1687167962,toileting
1569,1648,1648,2023/06/19 18:46:03.584,165,2.83,62.4,9.4,-15.8,-0.097,0.986,0.011,0.0,36.3,65.63,23.35,992.84,1687167963,toileting
1570,1649,1649,2023/06/19 18:46:04.584,166,2.83,62.4,10.6,-16.9,-0.098,0.986,0.01,0.6,37.6,65.54,23.33,992.86,1687167964,toileting
1571,1650,1650,2023/06/19 18:46:05.584,167,2.83,62.0,9.8,-18.4,-0.097,0.987,0.01,0.0,35.8,65.58,23.35,992.86,1687167965,toileting
1572,1651,1651,2023/06/19 18:46:06.584,168,2.83,62.8,10.2,-18.8,-0.098,0.986,0.01,0.1,36.6,65.56,23.33,992.76,1687167966,toileting
1573,1652,1652,2023/06/19 18:46:07.584,169,2.83,61.7,11.6,-17.7,-0.097,0.987,0.01,0.0,35.3,65.61,23.33,992.92,1687167967,toileting
1574,1653,1653,2023/06/19 18:46:08.584,170,2.83,62.8,11.3,-14.7,-0.097,0.986,0.01,0.0,34.8,65.58,23.31,992.78,1687167968,toileting
1575,1654,1654,2023/06/19 18:46:09.584,171,2.83,64.6,9.8,-13.9,-0.098,0.986,0.01,0.2,35.8,65.61,23.35,992.81,1687167969,toileting
1576,1655,1655,2023/06/19 18:46:10.584,172,2.83,63.5,10.6,-16.9,-0.097,0.987,0.011,0.1,34.3,65.59,23.35,992.84,1687167970,toileting
1577,1656,1656,2023/06/19 18:46:11.584,173,2.83,62.8,10.6,-16.6,-0.097,0.987,0.011,0.1,37.8,65.51,23.36,992.76,1687167971,toileting
1578,1657,1657,2023/06/19 18:46:12.584,174,2.83,63.5,11.3,-16.2,-0.097,0.986,0.01,0.0,29.9,65.61,23.35,992.81,1687167972,toileting
1579,1658,1658,2023/06/19 18:46:13.584,175,2.83,62.4,10.6,-15.1,-0.097,0.986,0.01,0.1,37.4,65.63,23.36,992.7,1687167973,toileting
1580,1659,1659,2023/06/19 18:46:14.584,176,2.83,62.4,10.6,-16.2,-0.097,0.987,0.01,0.4,34.8,65.61,23.36,992.84,1687167974,toileting
1581,1660,1660,2023/06/19 18:46:15.584,177,2.83,63.5,10.6,-17.7,-0.097,0.987,0.011,0.0,31.8,65.57,23.33,992.78,1687167975,toileting
1582,1661,1661,2023/06/19 18:46:16.584,178,2.83,63.5,11.3,-15.1,-0.097,0.987,0.011,0.1,37.4,65.52,23.35,992.86,1687167976,toileting
1583,1662,1662,2023/06/19 18:46:17.584,179,2.83,62.0,9.1,-15.1,-0.097,0.986,0.01,0.5,33.4,65.6,23.33,992.84,1687167977,toileting
1584,1663,1663,2023/06/19 18:46:18.584,180,2.83,62.4,10.6,-15.4,-0.097,0.986,0.01,0.1,34.3,65.56,23.33,992.76,1687167978,toileting
1585,1664,1664,2023/06/19 18:46:19.584,181,2.83,63.5,9.8,-16.6,-0.097,0.986,0.011,0.2,33.0,65.62,23.36,992.81,1687167979,toileting
1586,1665,1665,2023/06/19 18:46:20.584,182,2.83,61.3,9.8,-16.9,-0.097,0.987,0.01,0.1,32.7,65.5,23.36,992.86,1687167980,toileting
1587,1666,1666,2023/06/19 18:46:21.584,183,2.83,64.2,9.8,-17.3,-0.097,0.986,0.009,0.6,36.7,65.59,23.33,992.86,1687167981,toileting
1588,1667,1667,2023/06/19 18:46:22.584,184,2.83,60.6,10.6,-18.4,-0.098,0.987,0.01,0.4,33.1,65.59,23.38,992.81,1687167982,toileting
1589,1668,1668,2023/06/19 18:46:23.584,185,2.83,62.8,9.8,-17.3,-0.097,0.986,0.01,0.1,36.6,65.57,23.33,992.81,1687167983,toileting
1590,1669,1669,2023/06/19 18:46:24.584,186,2.83,63.1,8.8,-14.7,-0.097,0.987,0.011,0.0,35.8,65.57,23.31,992.86,1687167984,toileting
1591,1670,1670,2023/06/19 18:46:25.584,187,2.83,62.0,10.2,-14.7,-0.097,0.987,0.011,0.1,37.2,65.56,23.36,992.78,1687167985,toileting
1592,1671,1671,2023/06/19 18:46:26.584,188,2.83,62.8,10.6,-17.3,-0.097,0.987,0.011,0.2,40.2,65.57,23.38,992.84,1687167986,toileting
1593,1672,1672,2023/06/19 18:46:27.584,189,2.83,62.4,9.4,-14.7,-0.097,0.987,0.01,0.2,34.4,65.56,23.36,992.81,1687167987,toileting
1594,1673,1673,2023/06/19 18:46:28.584,190,2.83,63.5,10.2,-16.2,-0.097,0.987,0.011,0.3,34.2,65.56,23.35,992.86,1687167988,toileting
1595,1674,1674,2023/06/19 18:46:29.584,191,2.83,62.0,11.6,-17.7,-0.097,0.986,0.01,0.2,36.5,65.58,23.35,992.81,1687167989,toileting
1596,1675,1675,2023/06/19 18:46:30.584,192,2.83,60.9,9.8,-15.1,-0.098,0.986,0.01,0.4,33.9,65.54,23.38,992.92,1687167990,toileting
1597,1676,1676,2023/06/19 18:46:31.584,193,2.83,63.1,11.3,-16.2,-0.097,0.987,0.011,0.4,37.8,65.55,23.35,992.86,1687167991,toileting
1598,1677,1677,2023/06/19 18:46:32.584,194,2.83,61.7,10.2,-18.8,-0.098,0.986,0.011,0.2,38.6,65.58,23.35,992.84,1687167992,toileting
1599,1678,1678,2023/06/19 18:46:33.584,195,2.83,62.4,10.6,-14.7,-0.097,0.987,0.01,1.0,37.1,65.6,23.38,992.81,1687167993,toileting
1600,1679,1679,2023/06/19 18:46:34.584,196,2.83,63.9,10.6,-16.6,-0.098,0.987,0.009,0.4,34.6,65.57,23.35,992.81,1687167994,toileting
1601,1680,1680,2023/06/19 18:46:35.584,197,2.83,62.4,10.9,-14.7,-0.097,0.987,0.01,0.5,35.8,65.61,23.38,992.78,1687167995,toileting
1602,1681,1681,2023/06/19 18:46:36.584,198,2.83,63.5,12.4,-17.7,-0.096,0.987,0.01,0.1,35.2,65.63,23.36,992.78,1687167996,toileting
1603,1682,1682,2023/06/19 18:46:37.584,199,2.83,63.1,10.2,-16.6,-0.097,0.986,0.011,0.1,36.3,65.57,23.38,992.86,1687167997,toileting
1604,1683,1683,2023/06/19 18:46:38.584,200,2.83,63.1,9.4,-16.9,-0.097,0.987,0.01,0.0,36.4,65.59,23.36,992.86,1687167998,toileting
1605,1684,1684,2023/06/19 18:46:39.584,201,2.83,61.3,10.2,-14.7,-0.097,0.987,0.011,0.1,35.2,65.57,23.35,992.78,1687167999,toileting
1606,1685,1685,2023/06/19 18:46:40.584,202,2.83,63.1,11.3,-18.4,-0.097,0.986,0.011,0.2,35.9,65.56,23.35,992.89,1687168000,toileting
1607,1686,1686,2023/06/19 18:46:41.584,203,2.83,63.1,10.9,-18.1,-0.098,0.986,0.01,0.4,36.7,65.56,23.4,992.89,1687168001,toileting
1608,1687,1687,2023/06/19 18:46:42.584,204,2.83,63.1,10.9,-17.3,-0.097,0.987,0.01,0.2,40.0,65.62,23.38,992.89,1687168002,toileting
1609,1688,1688,2023/06/19 18:46:43.584,205,2.83,64.2,10.6,-15.8,-0.097,0.987,0.011,0.8,36.2,65.58,23.38,992.81,1687168003,toileting
1610,1689,1689,2023/06/19 18:46:44.584,206,2.83,60.9,10.2,-14.3,-0.097,0.986,0.01,0.1,38.2,65.6,23.36,992.87,1687168004,toileting
1611,1690,1690,2023/06/19 18:46:45.584,207,2.83,61.7,10.6,-16.2,-0.097,0.986,0.01,0.2,35.6,65.56,23.36,992.97,1687168005,toileting
1612,1691,1691,2023/06/19 18:46:46.584,208,2.83,62.0,10.6,-18.4,-0.097,0.987,0.01,0.5,37.0,65.57,23.36,992.84,1687168006,toileting
1613,1692,1692,2023/06/19 18:46:47.584,209,2.83,61.3,9.4,-16.6,-0.097,0.986,0.01,0.2,34.4,65.55,23.36,992.89,1687168007,toileting
1614,1693,1693,2023/06/19 18:46:48.584,210,2.83,62.0,11.3,-16.2,-0.098,0.986,0.011,0.3,34.9,65.6,23.4,992.86,1687168008,toileting
1615,1694,1694,2023/06/19 18:46:49.584,211,2.83,62.0,10.2,-15.8,-0.098,0.986,0.01,0.1,35.5,65.63,23.36,992.86,1687168009,toileting
1616,1695,1695,2023/06/19 18:46:50.584,212,2.83,63.1,10.9,-16.6,-0.098,0.986,0.01,0.2,34.2,65.58,23.36,992.92,1687168010,toileting
1617,1696,1696,2023/06/19 18:46:51.584,213,2.83,62.0,9.8,-18.8,-0.097,0.987,0.011,0.2,38.9,65.59,23.4,992.86,1687168011,toileting
1618,1697,1697,2023/06/19 18:46:52.584,214,2.83,62.4,10.2,-17.7,-0.098,0.986,0.011,0.1,34.7,65.55,23.36,992.87,1687168012,toileting
1619,1698,1698,2023/06/19 18:46:53.584,215,2.83,61.3,9.8,-17.3,-0.097,0.986,0.01,0.1,38.4,65.54,23.38,992.86,1687168013,toileting
1620,1699,1699,2023/06/19 18:46:54.584,216,2.83,62.8,10.2,-16.6,-0.097,0.987,0.01,0.1,37.5,65.61,23.33,992.84,1687168014,toileting
1621,1700,1700,2023/06/19 18:46:55.584,217,2.83,62.4,10.2,-15.1,-0.098,0.986,0.01,0.7,35.2,65.56,23.33,992.86,1687168015,toileting
1622,1701,1701,2023/06/19 18:46:56.584,218,2.83,62.4,9.1,-17.3,-0.097,0.987,0.011,0.1,36.6,65.54,23.36,992.87,1687168016,toileting
1623,1702,1702,2023/06/19 18:46:57.584,219,2.83,63.1,10.2,-18.8,-0.098,0.987,0.01,0.0,36.0,65.57,23.35,992.81,1687168017,toileting
1624,1703,1703,2023/06/19 18:46:58.584,220,2.83,62.8,10.9,-14.3,-0.097,0.986,0.011,0.4,35.5,65.56,23.38,992.92,1687168018,toileting
1625,1704,1704,2023/06/19 18:46:59.584,221,2.83,61.3,10.2,-15.4,-0.097,0.986,0.01,0.0,37.0,65.58,23.35,992.86,1687168019,toileting
1626,1705,1705,2023/06/19 18:47:00.584,222,2.83,61.3,10.9,-16.9,-0.097,0.986,0.011,0.4,34.3,65.56,23.35,992.87,1687168020,toileting
1627,1706,1706,2023/06/19 18:47:01.584,223,2.83,62.8,10.9,-16.2,-0.097,0.986,0.011,0.1,35.5,65.62,23.38,992.84,1687168021,toileting
1628,1707,1707,2023/06/19 18:47:02.584,224,2.83,62.8,9.8,-14.3,-0.098,0.987,0.01,0.0,35.8,65.56,23.35,992.81,1687168022,toileting
1629,1708,1708,2023/06/19 18:47:03.584,225,2.83,62.0,11.3,-15.1,-0.098,0.987,0.009,0.5,35.5,65.6,23.33,992.84,1687168023,toileting
1630,1709,1709,2023/06/19 18:47:04.584,226,2.83,61.3,10.6,-15.1,-0.097,0.987,0.01,0.2,34.0,65.6,23.33,992.84,1687168024,toileting
1631,1710,1710,2023/06/19 18:47:05.584,227,2.83,61.3,10.2,-14.7,-0.097,0.987,0.011,0.2,37.1,65.58,23.33,992.86,1687168025,toileting
1632,1711,1711,2023/06/19 18:47:06.584,228,2.83,62.0,10.2,-16.2,-0.097,0.987,0.01,0.3,34.6,65.53,23.33,992.78,1687168026,toileting
1633,1712,1712,2023/06/19 18:47:07.584,229,2.83,62.4,12.0,-15.8,-0.097,0.986,0.01,0.1,35.5,65.58,23.33,992.89,1687168027,toileting
1634,1713,1713,2023/06/19 18:47:08.584,230,2.83,62.8,9.8,-16.6,-0.097,0.987,0.011,0.1,37.2,65.55,23.4,992.78,1687168028,toileting
1635,1714,1714,2023/06/19 18:47:09.584,231,2.83,60.6,8.8,-15.8,-0.097,0.987,0.01,0.0,33.2,65.57,23.33,992.86,1687168029,toileting
1636,1715,1715,2023/06/19 18:47:10.584,232,2.83,62.0,9.1,-15.4,-0.097,0.987,0.01,0.0,38.6,65.58,23.36,992.81,1687168030,toileting
1637,1716,1716,2023/06/19 18:47:11.584,233,2.83,61.7,10.9,-16.6,-0.097,0.987,0.011,0.1,35.8,65.55,23.36,992.81,1687168031,toileting
1638,1717,1717,2023/06/19 18:47:12.584,234,2.83,62.4,9.8,-16.6,-0.097,0.987,0.01,0.8,36.4,65.58,23.31,992.86,1687168032,toileting
1639,1718,1718,2023/06/19 18:47:13.584,235,2.83,62.4,10.9,-16.2,-0.097,0.987,0.01,0.6,37.4,65.56,23.35,992.86,1687168033,toileting
1640,1719,1719,2023/06/19 18:47:14.584,236,2.83,61.3,10.9,-16.9,-0.097,0.987,0.011,0.2,34.2,65.61,23.33,992.89,1687168034,toileting
1641,1720,1720,2023/06/19 18:47:15.584,237,2.83,61.7,10.6,-16.2,-0.098,0.986,0.01,0.0,37.4,65.61,23.33,992.89,1687168035,toileting
1642,1721,1721,2023/06/19 18:47:16.584,238,2.83,61.7,11.3,-15.4,-0.098,0.987,0.011,0.5,36.5,65.62,23.35,992.84,1687168036,toileting
1643,1722,1722,2023/06/19 18:47:17.584,239,2.83,62.8,10.2,-17.7,-0.097,0.987,0.01,0.2,36.7,65.53,23.35,992.81,1687168037,toileting
1644,1723,1723,2023/06/19 18:47:18.584,240,2.83,63.9,10.2,-16.2,-0.098,0.987,0.011,0.3,35.1,65.61,23.36,992.84,1687168038,toileting
1645,1724,1724,2023/06/19 18:47:19.584,241,2.83,63.5,10.6,-15.4,-0.097,0.986,0.01,0.1,37.5,65.52,23.35,992.84,1687168039,toileting
1646,1725,1725,2023/06/19 18:47:20.584,242,2.83,63.5,10.9,-17.3,-0.097,0.986,0.01,0.1,36.3,65.58,23.36,992.86,1687168040,toileting
1647,1726,1726,2023/06/19 18:47:21.584,243,2.83,62.4,10.2,-16.9,-0.097,0.987,0.01,0.2,38.0,65.59,23.36,992.92,1687168041,toileting
1648,1727,1727,2023/06/19 18:47:22.584,244,2.83,62.0,10.2,-16.9,-0.097,0.987,0.01,0.1,39.4,65.54,23.36,992.87,1687168042,other
1649,1728,1728,2023/06/19 18:47:23.584,245,2.83,63.5,9.4,-14.7,-0.097,0.986,0.01,0.0,36.8,65.61,23.38,992.86,1687168043,other
1650,1729,1729,2023/06/19 18:47:24.584,246,2.83,61.7,11.3,-15.8,-0.097,0.987,0.01,0.1,33.1,65.55,23.35,992.89,1687168044,other
1651,1730,1730,2023/06/19 18:47:25.584,247,2.83,63.5,10.6,-17.3,-0.098,0.987,0.01,0.3,32.0,65.48,23.35,992.89,1687168045,other
1652,1731,1731,2023/06/19 18:47:26.584,248,2.83,62.8,11.3,-19.2,-0.097,0.987,0.01,0.0,33.5,65.56,23.35,992.84,1687168046,other
1653,1732,1732,2023/06/19 18:47:27.584,249,2.83,62.4,10.2,-13.9,-0.097,0.987,0.01,0.1,34.8,65.54,23.35,992.92,1687168047,other
1654,1733,1733,2023/06/19 18:47:28.584,250,2.83,63.9,11.6,-15.8,-0.098,0.987,0.01,0.0,33.7,65.61,23.35,992.92,1687168048,other
1655,1734,1734,2023/06/19 18:47:29.584,251,2.83,63.5,11.6,-15.8,-0.097,0.986,0.01,0.2,32.9,65.58,23.36,992.89,1687168049,other
1656,1735,1735,2023/06/19 18:47:30.584,252,2.83,64.2,10.2,-16.9,-0.097,0.987,0.01,0.2,32.3,65.57,23.38,992.86,1687168050,other
1657,1736,1736,2023/06/19 18:47:31.584,253,2.83,62.0,11.3,-16.6,-0.098,0.986,0.01,0.1,34.6,65.6,23.36,992.92,1687168051,other
1658,1737,1737,2023/06/19 18:47:32.584,254,2.83,63.5,10.6,-15.4,-0.098,0.987,0.01,0.1,35.5,65.61,23.36,992.84,1687168052,other
1659,1738,1738,2023/06/19 18:47:33.584,255,2.83,62.8,10.2,-13.9,-0.097,0.987,0.01,0.0,37.3,65.57,23.35,992.84,1687168053,other
1660,1739,1739,2023/06/19 18:47:34.584,0,2.83,63.1,11.3,-18.1,-0.097,0.986,0.01,0.1,35.2,65.65,23.36,992.87,1687168054,other
1661,1740,1740,2023/06/19 18:47:35.584,1,2.83,62.4,11.3,-15.8,-0.098,0.986,0.01,0.2,37.0,65.6,23.35,992.87,1687168055,other
1662,1741,1741,2023/06/19 18:47:36.584,2,2.83,63.1,9.1,-15.4,-0.097,0.986,0.01,0.0,35.6,65.61,23.38,992.92,1687168056,other
1663,1742,1742,2023/06/19 18:47:37.584,3,2.83,63.5,11.3,-19.9,-0.097,0.987,0.011,0.2,33.0,65.63,23.4,992.97,1687168057,other
1664,1743,1743,2023/06/19 18:47:38.584,4,2.83,64.2,10.6,-15.4,-0.097,0.986,0.01,0.2,39.8,65.61,23.38,992.92,1687168058,other
1665,1744,1744,2023/06/19 18:47:39.584,5,2.83,61.3,11.6,-17.3,-0.098,0.986,0.011,0.0,37.3,65.6,23.35,992.84,1687168059,other
1666,1745,1745,2023/06/19 18:47:40.584,6,2.83,63.1,10.9,-18.1,-0.097,0.987,0.01,0.3,35.1,65.56,23.35,992.92,1687168060,other
1667,1746,1746,2023/06/19 18:47:41.584,7,2.83,61.3,10.2,-17.7,-0.097,0.987,0.009,0.0,36.7,65.53,23.36,992.84,1687168061,other
1668,1747,1747,2023/06/19 18:47:42.584,8,2.83,63.5,10.9,-16.2,-0.098,0.987,0.01,0.1,39.5,65.61,23.36,992.92,1687168062,other
1669,1748,1748,2023/06/19 18:47:43.584,9,2.83,63.1,9.4,-16.6,-0.097,0.986,0.01,0.0,31.9,65.56,23.35,992.84,1687168063,other
1670,1749,1749,2023/06/19 18:47:44.584,10,2.83,62.8,10.9,-17.3,-0.097,0.986,0.01,0.2,34.5,65.61,23.4,992.84,1687168064,other
1671,1750,1750,2023/06/19 18:47:45.584,11,2.83,62.0,8.8,-15.8,-0.097,0.988,0.011,0.6,36.3,65.58,23.35,992.89,1687168065,other
1672,1751,1751,2023/06/19 18:47:46.584,12,2.83,63.5,10.6,-16.2,-0.098,0.986,0.01,0.1,35.8,65.55,23.36,992.89,1687168066,sleeping
1673,1752,1752,2023/06/19 18:47:47.584,13,2.83,63.1,10.6,-15.4,-0.098,0.987,0.01,0.1,34.3,65.54,23.33,992.87,1687168067,sleeping
1674,1753,1753,2023/06/19 18:47:48.584,14,2.83,64.6,10.9,-15.4,-0.097,0.987,0.011,0.4,35.1,65.56,23.36,992.86,1687168068,sleeping
1675,1754,1754,2023/06/19 18:47:49.584,15,2.83,63.5,10.9,-18.1,-0.097,0.987,0.01,0.2,37.3,65.58,23.38,992.89,1687168069,sleeping
1676,1755,1755,2023/06/19 18:47:50.584,16,2.83,63.5,10.6,-13.2,-0.097,0.986,0.01,0.4,35.1,65.59,23.38,992.87,1687168070,sleeping
1677,1756,1756,2023/06/19 18:47:51.584,17,2.83,63.1,11.3,-14.3,-0.098,0.986,0.01,0.2,36.3,65.55,23.35,992.87,1687168071,sleeping
1678,1757,1757,2023/06/19 18:47:52.584,18,2.83,61.7,9.4,-17.7,-0.097,0.986,0.01,0.0,32.9,65.58,23.36,992.95,1687168072,sleeping
1679,1758,1758,2023/06/19 18:47:53.584,19,2.83,63.1,10.6,-14.3,-0.097,0.986,0.01,0.2,39.4,65.57,23.36,992.92,1687168073,sleeping
1680,1759,1759,2023/06/19 18:47:54.584,20,2.83,63.9,10.6,-15.4,-0.097,0.987,0.01,0.6,34.9,65.56,23.38,992.92,1687168074,sleeping
1681,1760,1760,2023/06/19 18:47:55.584,21,2.83,62.8,11.6,-14.3,-0.097,0.986,0.01,0.1,35.5,65.61,23.36,992.89,1687168075,sleeping
1682,1761,1761,2023/06/19 18:47:56.584,22,2.83,60.6,10.2,-18.1,-0.097,0.986,0.01,0.2,35.9,65.55,23.36,992.92,1687168076,sleeping
1683,1762,1762,2023/06/19 18:47:57.584,23,2.83,61.3,9.4,-13.9,-0.097,0.987,0.01,0.1,34.3,65.64,23.36,992.95,1687168077,sleeping
1684,1763,1763,2023/06/19 18:47:58.584,24,2.83,62.0,10.2,-15.4,-0.098,0.986,0.01,0.1,34.3,65.52,23.35,992.86,1687168078,sleeping
1685,1764,1764,2023/06/19 18:47:59.584,25,2.83,62.0,11.3,-18.4,-0.097,0.987,0.01,0.3,34.3,65.53,23.38,992.95,1687168079,sleeping
1686,1765,1765,2023/06/19 18:48:00.584,26,2.83,63.5,10.6,-17.3,-0.098,0.987,0.009,0.0,35.1,65.55,23.35,992.92,1687168080,sleeping
1687,1766,1766,2023/06/19 18:48:01.584,27,2.83,62.0,10.6,-15.8,-0.097,0.987,0.011,0.1,33.2,65.58,23.33,992.92,1687168081,sleeping
1688,1767,1767,2023/06/19 18:48:02.584,28,2.83,61.7,9.8,-16.9,-0.097,0.987,0.01,0.2,35.7,65.58,23.36,992.87,1687168082,sleeping
1689,1768,1768,2023/06/19 18:48:03.584,29,2.83,62.8,10.6,-16.6,-0.097,0.986,0.01,0.2,36.4,65.55,23.36,992.92,1687168083,sleeping
1690,1769,1769,2023/06/19 18:48:04.584,30,2.83,62.0,10.6,-15.4,-0.098,0.987,0.01,0.5,31.3,65.61,23.36,992.92,1687168084,sleeping
1691,1770,1770,2023/06/19 18:48:05.584,31,2.83,62.0,9.4,-13.9,-0.098,0.986,0.011,0.0,37.4,65.57,23.36,992.92,1687168085,sleeping
1692,1771,1771,2023/06/19 18:48:06.584,32,2.83,63.1,10.9,-17.3,-0.097,0.987,0.01,0.2,37.5,65.55,23.36,992.86,1687168086,sleeping
1693,1772,1772,2023/06/19 18:48:07.584,33,2.83,62.0,8.4,-16.6,-0.097,0.986,0.01,0.4,35.2,65.54,23.35,992.92,1687168087,sleeping
1694,1773,1773,2023/06/19 18:48:08.584,34,2.83,62.8,9.8,-15.8,-0.098,0.987,0.01,0.4,35.2,65.53,23.35,992.89,1687168088,sleeping
1695,1774,1774,2023/06/19 18:48:09.584,35,2.83,61.7,10.2,-13.9,-0.097,0.987,0.01,0.1,34.6,65.57,23.31,992.86,1687168089,sleeping
1696,1775,1775,2023/06/19 18:48:10.584,36,2.83,63.1,10.2,-13.9,-0.097,0.987,0.01,0.3,35.8,65.55,23.36,992.92,1687168090,sleeping
1697,1776,1776,2023/06/19 18:48:11.584,37,2.83,62.8,8.8,-13.2,-0.097,0.987,0.01,0.1,34.7,65.55,23.36,992.92,1687168091,sleeping
1698,1777,1777,2023/06/19 18:48:12.584,38,2.83,62.0,11.3,-13.9,-0.097,0.987,0.01,0.2,37.2,65.51,23.33,992.92,1687168092,sleeping
1699,1778,1778,2023/06/19 18:48:13.584,39,2.83,62.4,10.2,-15.1,-0.098,0.987,0.01,0.1,36.9,65.52,23.35,992.95,1687168093,sleeping
1700,1779,1779,2023/06/19 18:48:14.584,40,2.83,63.1,10.2,-17.7,-0.097,0.988,0.01,0.1,39.0,65.56,23.33,992.89,1687168094,sleeping
1701,1780,1780,2023/06/19 18:48:15.584,41,2.83,62.8,9.1,-16.2,-0.098,0.987,0.01,0.0,34.3,65.56,23.35,992.92,1687168095,sleeping
1702,1781,1781,2023/06/19 18:48:16.584,42,2.83,61.3,10.6,-16.9,-0.097,0.986,0.011,0.2,38.6,65.56,23.33,992.86,1687168096,sleeping
1703,1782,1782,2023/06/19 18:48:17.584,43,2.83,62.0,11.3,-14.7,-0.098,0.987,0.01,0.4,36.3,65.51,23.33,992.89,1687168097,sleeping
1704,1783,1783,2023/06/19 18:48:18.584,44,2.83,63.1,10.6,-17.3,-0.097,0.987,0.01,0.1,36.6,65.6,23.36,992.92,1687168098,sleeping
1705,1784,1784,2023/06/19 18:48:19.584,45,2.83,64.2,10.9,-15.1,-0.098,0.987,0.01,0.2,38.6,65.61,23.35,992.81,1687168099,sleeping
1706,1785,1785,2023/06/19 18:48:20.584,46,2.83,62.4,10.6,-17.7,-0.097,0.986,0.01,0.2,34.0,65.61,23.36,992.86,1687168100,sleeping
1707,1786,1786,2023/06/19 18:48:21.584,47,2.83,60.6,9.8,-19.6,-0.098,0.986,0.01,0.0,37.4,65.59,23.36,992.92,1687168101,sleeping
1708,1787,1787,2023/06/19 18:48:22.584,48,2.83,62.4,11.3,-20.3,-0.097,0.987,0.01,0.5,35.9,65.59,23.38,992.86,1687168102,sleeping
1709,1788,1788,2023/06/19 18:48:23.584,49,2.83,62.4,10.6,-18.1,-0.096,0.986,0.01,0.6,39.4,65.57,23.38,992.87,1687168103,sleeping
1710,1789,1789,2023/06/19 18:48:24.584,50,2.83,60.9,9.8,-16.6,-0.097,0.986,0.01,0.2,33.2,65.54,23.36,992.86,1687168104,sleeping
1711,1790,1790,2023/06/19 18:48:25.584,51,2.83,60.9,10.9,-15.1,-0.097,0.987,0.01,0.2,33.6,65.54,23.4,992.97,1687168105,sleeping
1712,1791,1791,2023/06/19 18:48:26.584,52,2.83,63.1,10.2,-15.8,-0.097,0.987,0.011,0.3,35.4,65.57,23.38,992.89,1687168106,sleeping
1713,1792,1792,2023/06/19 18:48:27.584,53,2.83,63.9,11.3,-13.9,-0.097,0.987,0.01,0.1,34.3,65.61,23.35,992.86,1687168107,sleeping
1714,1793,1793,2023/06/19 18:48:28.584,54,2.83,62.0,10.2,-16.9,-0.097,0.987,0.011,0.1,37.8,65.57,23.33,992.87,1687168108,sleeping
1715,1794,1794,2023/06/19 18:48:29.584,55,2.83,63.1,12.8,-13.9,-0.097,0.986,0.01,0.2,36.7,65.52,23.31,992.92,1687168109,sleeping
1716,1795,1795,2023/06/19 18:48:30.584,56,2.83,61.7,10.6,-15.1,-0.097,0.987,0.01,0.1,31.5,65.53,23.35,992.92,1687168110,sleeping
1717,1796,1796,2023/06/19 18:48:31.584,57,2.83,60.9,10.9,-14.3,-0.098,0.988,0.011,0.6,39.1,65.56,23.38,992.84,1687168111,sleeping
1718,1797,1797,2023/06/19 18:48:32.584,58,2.83,62.0,10.2,-17.7,-0.097,0.987,0.011,0.0,35.2,65.58,23.36,992.89,1687168112,sleeping
1719,1798,1798,2023/06/19 18:48:33.584,59,2.83,62.0,10.9,-16.9,-0.097,0.986,0.01,0.2,34.7,65.55,23.35,992.92,1687168113,sleeping
1720,1799,1799,2023/06/19 18:48:34.584,60,2.83,60.2,10.6,-17.7,-0.097,0.987,0.01,0.4,32.3,65.61,23.36,992.92,1687168114,sleeping
1721,1800,1800,2023/06/19 18:48:35.584,61,2.83,62.0,11.6,-15.1,-0.097,0.987,0.011,0.1,39.0,65.5,23.33,992.89,1687168115,sleeping
1722,1801,1801,2023/06/19 18:48:36.584,62,2.83,63.5,10.9,-17.3,-0.097,0.987,0.009,0.1,35.7,65.6,23.38,992.86,1687168116,sleeping
1723,1802,1802,2023/06/19 18:48:37.584,63,2.83,60.9,9.4,-17.7,-0.097,0.987,0.01,0.3,37.1,65.61,23.35,992.86,1687168117,sleeping
1724,1803,1803,2023/06/19 18:48:38.584,64,2.83,62.0,10.6,-13.9,-0.097,0.987,0.01,0.1,32.0,65.55,23.36,992.95,1687168118,sleeping
1725,1804,1804,2023/06/19 18:48:39.584,65,2.83,63.9,9.8,-15.4,-0.097,0.986,0.01,0.2,34.7,65.54,23.35,992.95,1687168119,sleeping
1726,1805,1805,2023/06/19 18:48:40.584,66,2.85,62.4,9.8,-16.9,-0.097,0.986,0.011,0.4,37.8,65.57,23.36,992.92,1687168120,sleeping
1727,1806,1806,2023/06/19 18:48:41.584,67,2.85,60.6,9.8,-16.2,-0.097,0.987,0.011,0.1,38.6,65.56,23.38,992.92,1687168121,sleeping
1728,1807,1807,2023/06/19 18:48:42.584,68,2.85,62.4,9.8,-16.2,-0.097,0.987,0.01,0.8,34.7,65.59,23.35,992.92,1687168122,sleeping
1729,1808,1808,2023/06/19 18:48:43.584,69,2.85,62.8,9.1,-16.6,-0.098,0.988,0.011,0.2,33.9,65.51,23.36,992.97,1687168123,sleeping
1730,1809,1809,2023/06/19 18:48:44.584,70,2.85,64.2,10.9,-17.7,-0.097,0.987,0.011,0.1,34.3,65.57,23.35,992.95,1687168124,sleeping
1731,1810,1810,2023/06/19 18:48:45.584,71,2.85,62.4,10.2,-16.2,-0.098,0.986,0.011,0.2,35.8,65.63,23.36,992.92,1687168125,sleeping
1732,1811,1811,2023/06/19 18:48:46.584,72,2.85,63.1,10.2,-15.8,-0.098,0.987,0.01,0.1,34.6,65.67,23.38,992.87,1687168126,sleeping
1733,1812,1812,2023/06/19 18:48:47.584,73,2.85,63.5,10.6,-16.9,-0.098,0.987,0.01,0.1,37.4,65.6,23.35,992.97,1687168127,sleeping
1734,1813,1813,2023/06/19 18:48:48.584,74,2.85,62.8,12.0,-16.6,-0.097,0.987,0.01,0.0,35.5,65.57,23.35,992.89,1687168128,sleeping
1735,1814,1814,2023/06/19 18:48:49.584,75,2.85,61.7,11.6,-14.7,-0.097,0.987,0.01,0.0,38.1,65.6,23.35,992.92,1687168129,sleeping
1736,1815,1815,2023/06/19 18:48:50.584,76,2.85,63.1,11.6,-15.4,-0.097,0.986,0.01,0.3,37.1,65.6,23.36,992.92,1687168130,sleeping
1737,1816,1816,2023/06/19 18:48:51.584,77,2.85,62.4,10.9,-15.8,-0.097,0.987,0.01,0.6,36.7,65.61,23.36,992.97,1687168131,sleeping
1738,1817,1817,2023/06/19 18:48:52.584,78,2.85,62.0,11.3,-14.7,-0.097,0.986,0.01,0.3,31.2,65.6,23.36,992.92,1687168132,sleeping
1739,1818,1818,2023/06/19 18:48:53.584,79,2.85,63.9,11.6,-16.2,-0.097,0.987,0.01,0.1,37.8,65.59,23.38,992.92,1687168133,sleeping
1740,1819,1819,2023/06/19 18:48:54.584,80,2.85,62.8,9.8,-18.1,-0.098,0.987,0.01,0.2,31.9,65.66,23.36,992.95,1687168134,sleeping
1741,1820,1820,2023/06/19 18:48:55.584,81,2.85,63.9,11.3,-18.1,-0.097,0.986,0.01,0.2,37.5,65.58,23.33,992.89,1687168135,sleeping
1742,1821,1821,2023/06/19 18:48:56.584,82,2.85,61.7,10.6,-18.8,-0.097,0.985,0.01,0.7,36.2,65.57,23.36,992.89,1687168136,sleeping
1743,1822,1822,2023/06/19 18:48:57.584,83,2.85,62.8,10.6,-17.3,-0.097,0.986,0.01,0.4,37.4,65.56,23.38,992.87,1687168137,sleeping
1744,1823,1823,2023/06/19 18:48:58.584,84,2.85,64.2,9.4,-16.9,-0.097,0.988,0.01,0.1,35.2,65.61,23.36,992.97,1687168138,sleeping
1745,1824,1824,2023/06/19 18:48:59.584,85,2.85,63.1,11.3,-16.2,-0.097,0.987,0.011,0.4,35.8,65.58,23.36,992.89,1687168139,sleeping
1746,1825,1825,2023/06/19 18:49:00.584,86,2.85,64.6,10.9,-15.4,-0.097,0.987,0.01,0.1,37.6,65.58,23.4,992.92,1687168140,sleeping
1747,1826,1826,2023/06/19 18:49:01.584,87,2.85,62.8,10.9,-19.6,-0.097,0.987,0.01,0.1,37.4,65.57,23.35,993.0,1687168141,sleeping
1748,1827,1827,2023/06/19 18:49:02.584,88,2.85,63.9,10.9,-13.9,-0.097,0.987,0.01,0.2,37.9,65.61,23.38,992.92,1687168142,sleeping
1749,1828,1828,2023/06/19 18:49:03.584,89,2.85,61.7,8.8,-19.6,-0.097,0.986,0.01,0.2,36.5,65.59,23.36,992.84,1687168143,sleeping
1750,1829,1829,2023/06/19 18:49:04.584,90,2.85,64.6,10.6,-16.6,-0.098,0.986,0.011,0.3,35.4,65.56,23.35,992.92,1687168144,sleeping
1751,1830,1830,2023/06/19 18:49:05.584,91,2.85,63.1,10.2,-17.3,-0.097,0.987,0.009,0.1,36.3,65.59,23.35,992.87,1687168145,sleeping
1752,1831,1831,2023/06/19 18:49:06.584,92,2.85,63.9,10.6,-20.7,-0.097,0.986,0.011,0.3,37.3,65.56,23.36,992.92,1687168146,sleeping
1753,1832,1832,2023/06/19 18:49:07.584,93,2.85,63.5,8.8,-15.1,-0.097,0.987,0.011,0.4,36.4,65.62,23.36,992.92,1687168147,sleeping
1754,1833,1833,2023/06/19 18:49:08.584,94,2.85,63.5,9.8,-16.9,-0.097,0.987,0.01,0.3,35.6,65.57,23.38,992.95,1687168148,sleeping
1755,1834,1834,2023/06/19 18:49:09.584,95,2.85,61.7,10.9,-16.9,-0.097,0.986,0.011,0.3,37.1,65.63,23.36,992.87,1687168149,sleeping
1756,1835,1835,2023/06/19 18:49:10.584,96,2.85,63.5,9.1,-14.7,-0.097,0.986,0.011,0.6,37.4,65.6,23.38,992.89,1687168150,sleeping
1757,1836,1836,2023/06/19 18:49:11.584,97,2.85,62.0,10.9,-14.7,-0.097,0.987,0.011,0.2,35.7,65.61,23.42,992.92,1687168151,sleeping
1758,1837,1837,2023/06/19 18:49:12.584,98,2.85,62.4,9.4,-12.8,-0.097,0.987,0.011,0.0,35.5,65.59,23.38,992.95,1687168152,sleeping
1759,1838,1838,2023/06/19 18:49:13.584,99,2.85,61.3,10.9,-13.9,-0.098,0.986,0.01,0.0,37.8,65.63,23.4,992.95,1687168153,sleeping
1760,1839,1839,2023/06/19 18:49:14.584,100,2.85,63.9,8.8,-14.3,-0.097,0.987,0.011,0.0,37.8,65.59,23.4,992.95,1687168154,sleeping
1761,1840,1840,2023/06/19 18:49:15.584,101,2.85,61.3,8.4,-16.9,-0.097,0.987,0.011,0.1,36.3,65.59,23.4,992.92,1687168155,sleeping
1762,1841,1841,2023/06/19 18:49:16.584,102,2.85,62.4,10.6,-14.3,-0.097,0.987,0.01,0.1,36.8,65.62,23.36,992.92,1687168156,sleeping
1763,1842,1842,2023/06/19 18:49:17.584,103,2.85,62.4,10.2,-16.6,-0.098,0.986,0.011,0.0,36.4,65.62,23.4,992.92,1687168157,sleeping
1764,1843,1843,2023/06/19 18:49:18.584,104,2.85,63.1,10.2,-16.2,-0.098,0.986,0.01,0.4,39.4,65.63,23.36,992.95,1687168158,sleeping
1765,1844,1844,2023/06/19 18:49:19.584,105,2.85,63.1,8.8,-15.1,-0.097,0.987,0.011,0.2,35.7,65.65,23.38,992.97,1687168159,sleeping
1766,1845,1845,2023/06/19 18:49:20.584,106,2.85,61.3,10.2,-17.7,-0.097,0.986,0.01,0.1,34.3,65.6,23.38,992.95,1687168160,sleeping
1767,1846,1846,2023/06/19 18:49:21.584,107,2.85,63.1,10.6,-17.7,-0.097,0.987,0.01,0.0,34.4,65.58,23.38,992.95,1687168161,sleeping
1768,1847,1847,2023/06/19 18:49:22.584,108,2.85,62.8,8.8,-17.3,-0.098,0.987,0.01,0.2,37.1,65.62,23.38,992.95,1687168162,sleeping
1769,1848,1848,2023/06/19 18:49:23.584,109,2.85,62.0,10.9,-16.2,-0.096,0.987,0.011,0.1,35.8,65.61,23.35,992.89,1687168163,sleeping
1770,1849,1849,2023/06/19 18:49:24.584,110,2.85,62.8,9.8,-16.9,-0.097,0.987,0.011,0.3,37.5,65.62,23.38,992.92,1687168164,sleeping
1771,1850,1850,2023/06/19 18:49:25.584,111,2.85,62.4,9.8,-16.6,-0.097,0.987,0.01,0.2,38.3,65.6,23.38,992.95,1687168165,sleeping
1772,1851,1851,2023/06/19 18:49:26.584,112,2.85,63.1,9.8,-16.2,-0.097,0.987,0.01,0.6,37.1,65.63,23.38,992.89,1687168166,sleeping
1773,1852,1852,2023/06/19 18:49:27.584,113,2.85,62.8,10.6,-19.2,-0.097,0.987,0.01,0.2,38.2,65.55,23.33,992.89,1687168167,sleeping
1774,1853,1853,2023/06/19 18:49:28.584,114,2.85,62.8,10.9,-15.8,-0.097,0.986,0.011,0.1,35.8,65.58,23.42,992.92,1687168168,sleeping
1775,1854,1854,2023/06/19 18:49:29.584,115,2.85,61.7,10.9,-12.8,-0.097,0.987,0.01,0.2,37.1,65.61,23.4,992.89,1687168169,sleeping
1776,1855,1855,2023/06/19 18:49:30.584,116,2.85,62.0,10.6,-18.8,-0.097,0.986,0.01,0.1,34.3,65.59,23.4,992.95,1687168170,sleeping
1777,1856,1856,2023/06/19 18:49:31.584,117,2.85,63.5,9.1,-15.4,-0.097,0.986,0.01,0.1,33.5,65.64,23.4,992.89,1687168171,sleeping
1778,1857,1857,2023/06/19 18:49:32.584,118,2.85,60.9,10.6,-16.6,-0.097,0.987,0.01,0.2,36.5,65.59,23.38,992.95,1687168172,sleeping
1779,1858,1858,2023/06/19 18:49:33.584,119,2.85,62.0,10.2,-18.8,-0.097,0.987,0.01,0.1,33.5,65.61,23.38,992.87,1687168173,sleeping
1780,1859,1859,2023/06/19 18:49:34.584,120,2.85,63.5,10.2,-16.2,-0.098,0.987,0.01,0.2,36.4,65.64,23.4,992.95,1687168174,sleeping
1781,1860,1860,2023/06/19 18:49:35.584,121,2.85,60.2,9.8,-19.2,-0.097,0.987,0.011,0.4,34.8,65.66,23.42,992.89,1687168175,sleeping
1782,1861,1861,2023/06/19 18:49:36.584,122,2.85,62.4,9.1,-16.6,-0.097,0.987,0.01,0.4,36.3,65.64,23.35,992.89,1687168176,sleeping
1783,1862,1862,2023/06/19 18:49:37.584,123,2.85,62.8,11.3,-16.9,-0.097,0.988,0.01,0.3,33.1,65.58,23.36,992.92,1687168177,sleeping
1784,1863,1863,2023/06/19 18:49:38.584,124,2.85,62.8,9.1,-17.7,-0.097,0.987,0.01,0.1,36.8,65.6,23.38,992.89,1687168178,sleeping
1785,1864,1864,2023/06/19 18:49:39.584,125,2.85,63.1,9.8,-15.8,-0.097,0.986,0.01,0.1,35.8,65.62,23.36,992.92,1687168179,sleeping
1786,1865,1865,2023/06/19 18:49:40.574,126,2.85,62.8,8.8,-16.9,-0.097,0.987,0.011,0.5,35.7,65.6,23.4,992.95,1687168180,sleeping
1787,1866,1866,2023/06/19 18:49:41.564,127,2.85,61.3,10.9,-15.8,-0.097,0.987,0.011,0.0,32.7,65.63,23.38,992.89,1687168181,sleeping
1788,1867,1867,2023/06/19 18:49:42.554,128,2.85,62.8,10.2,-16.9,-0.098,0.986,0.01,0.3,35.6,65.59,23.35,992.95,1687168182,sleeping
1789,1868,1868,2023/06/19 18:49:43.544,129,2.85,63.5,10.2,-15.8,-0.098,0.987,0.01,0.1,32.7,65.59,23.35,992.95,1687168183,sleeping
1790,1869,1869,2023/06/19 18:49:44.534,130,2.85,62.0,10.2,-16.6,-0.098,0.987,0.01,0.1,37.1,65.62,23.4,992.89,1687168184,sleeping
1791,1870,1870,2023/06/19 18:49:45.524,131,2.85,62.8,11.6,-16.2,-0.097,0.987,0.011,0.1,36.5,65.6,23.4,992.95,1687168185,sleeping
1792,1871,1871,2023/06/19 18:49:46.514,132,2.85,60.6,9.4,-15.8,-0.097,0.987,0.011,0.5,36.6,65.62,23.36,992.95,1687168186,sleeping
1793,1872,1872,2023/06/19 18:49:47.504,133,2.85,63.1,10.6,-15.8,-0.097,0.987,0.011,0.4,37.1,65.6,23.36,992.97,1687168187,sleeping
1794,1873,1873,2023/06/19 18:49:48.494,134,2.85,62.8,12.8,-16.2,-0.097,0.987,0.01,0.5,34.0,65.61,23.38,992.97,1687168188,sleeping
1795,1874,1874,2023/06/19 18:49:49.484,135,2.85,61.7,10.6,-19.2,-0.097,0.987,0.01,0.4,34.6,65.59,23.4,992.92,1687168189,sleeping
1796,1875,1875,2023/06/19 18:49:50.474,136,2.85,62.4,11.3,-16.6,-0.097,0.987,0.01,0.4,37.8,65.58,23.4,992.95,1687168190,sleeping
1797,1876,1876,2023/06/19 18:49:51.464,137,2.85,62.4,10.6,-15.8,-0.097,0.986,0.011,0.2,33.9,65.65,23.38,992.95,1687168191,sleeping
1798,1877,1877,2023/06/19 18:49:52.454,138,2.85,62.0,11.3,-15.1,-0.097,0.987,0.012,0.3,37.9,65.57,23.42,992.95,1687168192,sleeping
1799,1878,1878,2023/06/19 18:49:53.444,139,2.85,62.0,9.8,-17.7,-0.096,0.986,0.01,0.6,36.6,65.59,23.38,992.95,1687168193,sleeping
1800,1879,1879,2023/06/19 18:49:54.434,140,2.85,62.8,10.2,-15.4,-0.097,0.986,0.011,0.1,34.8,65.57,23.36,992.97,1687168194,sleeping
1801,1880,1880,2023/06/19 18:49:55.424,141,2.85,63.5,10.2,-15.1,-0.097,0.987,0.01,0.3,32.4,65.6,23.38,992.92,1687168195,sleeping
1802,1881,1881,2023/06/19 18:49:56.414,142,2.85,62.0,10.9,-15.4,-0.097,0.987,0.01,0.3,35.5,65.63,23.44,992.95,1687168196,sleeping
1803,1882,1882,2023/06/19 18:49:57.404,143,2.85,63.5,11.3,-16.9,-0.098,0.987,0.01,0.2,36.7,65.62,23.4,992.95,1687168197,sleeping
1804,1883,1883,2023/06/19 18:49:58.394,144,2.85,62.0,9.8,-16.9,-0.097,0.987,0.01,0.2,32.7,65.58,23.42,992.95,1687168198,sleeping
1805,1884,1884,2023/06/19 18:49:59.384,145,2.85,60.9,10.9,-16.6,-0.097,0.987,0.01,0.4,37.2,65.56,23.38,992.89,1687168199,sleeping
1806,1885,1885,2023/06/19 18:50:00.374,146,2.85,64.9,10.9,-18.4,-0.097,0.987,0.011,0.1,36.3,65.6,23.38,992.92,1687168200,sleeping
1807,1886,1886,2023/06/19 18:50:01.364,147,2.85,61.3,10.6,-16.9,-0.098,0.986,0.01,0.1,36.8,65.58,23.4,992.87,1687168201,sleeping
1808,1887,1887,2023/06/19 18:50:02.354,148,2.85,61.7,11.6,-14.7,-0.097,0.986,0.011,0.4,35.5,65.6,23.38,992.95,1687168202,sleeping
1809,1888,1888,2023/06/19 18:50:03.344,149,2.85,63.1,10.2,-16.6,-0.097,0.986,0.01,0.4,33.9,65.6,23.4,992.95,1687168203,sleeping
1810,1889,1889,2023/06/19 18:50:04.334,150,2.85,63.1,10.2,-14.3,-0.097,0.987,0.01,0.1,37.1,65.58,23.38,992.95,1687168204,sleeping
1811,1890,1890,2023/06/19 18:50:05.324,151,2.85,61.7,10.6,-16.6,-0.097,0.986,0.011,0.0,35.8,65.63,23.38,992.92,1687168205,sleeping
1812,1891,1891,2023/06/19 18:50:06.314,152,2.85,62.8,10.6,-15.1,-0.097,0.987,0.01,0.4,32.6,65.61,23.45,992.92,1687168206,sleeping
1813,1892,1892,2023/06/19 18:50:07.304,153,2.85,63.1,10.9,-15.8,-0.098,0.986,0.01,0.2,36.4,65.54,23.4,993.0,1687168207,sleeping
1814,1893,1893,2023/06/19 18:50:08.294,154,2.85,62.4,10.6,-15.4,-0.097,0.986,0.01,0.1,37.9,65.6,23.38,992.92,1687168208,sleeping
1815,1894,1894,2023/06/19 18:50:09.284,155,2.85,63.1,8.8,-14.3,-0.097,0.986,0.01,0.3,34.6,65.63,23.36,992.92,1687168209,sleeping
1816,1895,1895,2023/06/19 18:50:10.274,156,2.85,63.5,10.9,-16.9,-0.097,0.986,0.01,0.2,37.9,65.62,23.4,992.95,1687168210,sleeping
1817,1896,1896,2023/06/19 18:50:11.264,157,2.85,62.0,10.2,-17.3,-0.098,0.987,0.011,0.0,35.2,65.57,23.38,992.97,1687168211,sleeping
1818,1897,1897,2023/06/19 18:50:12.254,158,2.85,62.4,10.9,-15.8,-0.097,0.987,0.011,0.4,35.5,65.6,23.38,992.95,1687168212,sleeping
1819,1898,1898,2023/06/19 18:50:13.244,159,2.85,61.3,9.8,-14.7,-0.097,0.987,0.01,0.2,38.2,65.63,23.36,992.89,1687168213,sleeping
1820,1899,1899,2023/06/19 18:50:14.234,160,2.85,62.8,9.8,-14.7,-0.097,0.986,0.01,0.5,34.3,65.56,23.35,992.92,1687168214,sleeping
1821,1900,1900,2023/06/19 18:50:15.224,161,2.85,63.5,7.2,-15.8,-0.097,0.987,0.01,0.3,33.5,65.63,23.38,992.92,1687168215,sleeping
1822,1901,1901,2023/06/19 18:50:16.214,162,2.85,64.6,10.9,-14.7,-0.097,0.986,0.01,0.1,33.2,65.64,23.4,992.92,1687168216,sleeping
1823,1902,1902,2023/06/19 18:50:17.204,163,2.85,63.9,10.2,-16.6,-0.097,0.987,0.01,0.4,35.2,65.54,23.4,992.97,1687168217,sleeping
1824,1903,1903,2023/06/19 18:50:18.194,164,2.85,62.4,10.2,-13.9,-0.097,0.986,0.01,0.3,34.5,65.62,23.4,992.97,1687168218,sleeping
1825,1904,1904,2023/06/19 18:50:19.194,165,2.85,62.8,10.2,-18.1,-0.097,0.986,0.011,0.4,36.0,65.58,23.38,992.97,1687168219,sleeping
1826,1905,1905,2023/06/19 18:50:20.194,166,2.85,60.6,10.2,-14.3,-0.098,0.987,0.01,0.1,34.3,65.61,23.35,992.92,1687168220,sleeping
1827,1906,1906,2023/06/19 18:50:21.194,167,2.85,62.0,9.4,-13.6,-0.097,0.986,0.011,0.2,35.8,65.58,23.4,992.92,1687168221,sleeping
1828,1907,1907,2023/06/19 18:50:22.194,168,2.85,63.1,9.8,-15.1,-0.098,0.987,0.009,0.1,37.8,65.61,23.38,992.95,1687168222,sleeping
1829,1908,1908,2023/06/19 18:50:23.194,169,2.85,61.3,11.3,-17.3,-0.098,0.987,0.01,0.1,38.6,65.57,23.38,992.92,1687168223,sleeping
1830,1909,1909,2023/06/19 18:50:24.194,170,2.85,63.5,10.6,-15.4,-0.097,0.987,0.01,0.7,31.7,65.63,23.38,992.92,1687168224,sleeping
1831,1910,1910,2023/06/19 18:50:25.194,171,2.85,62.8,8.4,-17.7,-0.098,0.986,0.01,0.1,33.5,65.64,23.38,992.95,1687168225,sleeping
1832,1911,1911,2023/06/19 18:50:26.194,172,2.85,63.1,10.9,-16.6,-0.097,0.987,0.01,0.3,39.4,65.64,23.4,992.95,1687168226,sleeping
1833,1912,1912,2023/06/19 18:50:27.194,173,2.85,64.2,9.8,-14.3,-0.097,0.987,0.01,0.0,35.5,65.61,23.38,992.95,1687168227,sleeping
1834,1913,1913,2023/06/19 18:50:28.194,174,2.85,64.2,11.3,-15.4,-0.097,0.987,0.011,0.0,32.9,65.59,23.35,992.92,1687168228,sleeping
1835,1914,1914,2023/06/19 18:50:29.194,175,2.85,62.8,10.6,-14.3,-0.097,0.987,0.009,0.1,36.7,65.63,23.4,992.92,1687168229,sleeping
1836,1915,1915,2023/06/19 18:50:30.194,176,2.85,62.0,10.2,-17.7,-0.097,0.987,0.01,0.4,34.1,65.59,23.36,992.97,1687168230,sleeping
1837,1916,1916,2023/06/19 18:50:31.194,177,2.85,64.2,9.8,-13.2,-0.098,0.987,0.01,0.2,37.4,65.64,23.38,992.92,1687168231,sleeping
1838,1917,1917,2023/06/19 18:50:32.194,178,2.85,63.5,9.8,-17.7,-0.097,0.987,0.009,0.1,34.7,65.63,23.36,993.03,1687168232,sleeping
1839,1918,1918,2023/06/19 18:50:33.194,179,2.85,62.1,8.0,-15.4,-0.097,0.988,0.011,0.4,34.8,65.62,23.38,992.92,1687168233,sleeping
1840,1919,1919,2023/06/19 18:50:34.194,180,2.85,62.4,10.6,-14.7,-0.098,0.987,0.01,0.2,34.0,65.59,23.38,992.92,1687168234,sleeping
1841,1920,1920,2023/06/19 18:50:35.194,181,2.85,63.5,10.9,-17.3,-0.097,0.987,0.01,0.0,34.0,65.65,23.4,992.97,1687168235,sleeping
1842,1921,1921,2023/06/19 18:50:36.194,182,2.85,62.8,9.4,-18.8,-0.098,0.987,0.011,0.7,34.7,65.62,23.36,993.0,1687168236,sleeping
1843,1922,1922,2023/06/19 18:50:37.194,183,2.85,63.5,10.9,-17.3,-0.098,0.987,0.01,0.2,35.6,65.62,23.35,992.92,1687168237,sleeping
1844,1923,1923,2023/06/19 18:50:38.194,184,2.85,62.8,10.9,-16.9,-0.098,0.986,0.01,0.0,35.8,65.58,23.36,992.97,1687168238,sleeping
1845,1924,1924,2023/06/19 18:50:39.194,185,2.85,63.5,10.6,-16.6,-0.097,0.986,0.011,0.1,35.4,65.68,23.38,992.97,1687168239,sleeping
1846,1925,1925,2023/06/19 18:50:40.194,186,2.85,62.4,10.2,-13.2,-0.096,0.986,0.01,0.2,38.5,65.67,23.36,992.92,1687168240,sleeping
1847,1926,1926,2023/06/19 18:50:41.194,187,2.85,62.0,9.8,-14.7,-0.098,0.987,0.01,0.2,39.1,65.61,23.38,992.95,1687168241,sleeping
1848,1927,1927,2023/06/19 18:50:42.194,188,2.85,62.4,9.8,-18.8,-0.097,0.987,0.01,0.4,37.8,65.64,23.36,993.0,1687168242,sleeping
1849,1928,1928,2023/06/19 18:50:43.194,189,2.85,62.4,10.2,-14.3,-0.097,0.987,0.01,0.1,34.7,65.56,23.38,992.97,1687168243,sleeping
1850,1929,1929,2023/06/19 18:50:44.194,190,2.85,60.9,10.6,-16.6,-0.098,0.987,0.01,0.2,39.1,65.66,23.38,992.95,1687168244,sleeping
1851,1930,1930,2023/06/19 18:50:45.194,191,2.85,62.8,9.4,-14.7,-0.097,0.986,0.011,0.1,37.0,65.64,23.36,992.95,1687168245,sleeping
1852,1931,1931,2023/06/19 18:50:46.194,192,2.85,62.8,9.1,-17.3,-0.097,0.986,0.01,0.1,36.3,65.67,23.4,992.95,1687168246,sleeping
1853,1932,1932,2023/06/19 18:50:47.194,193,2.85,63.1,11.3,-13.6,-0.098,0.987,0.011,0.5,32.4,65.62,23.42,992.89,1687168247,sleeping
1854,1933,1933,2023/06/19 18:50:48.194,194,2.85,62.8,9.4,-17.3,-0.097,0.987,0.01,0.1,38.7,65.63,23.38,993.03,1687168248,sleeping
1855,1934,1934,2023/06/19 18:50:49.194,195,2.85,63.5,9.8,-15.4,-0.097,0.987,0.01,0.2,35.4,65.62,23.38,992.95,1687168249,sleeping
1856,1935,1935,2023/06/19 18:50:50.194,196,2.85,63.1,11.3,-17.3,-0.097,0.987,0.01,0.2,37.2,65.64,23.38,993.0,1687168250,sleeping
1857,1936,1936,2023/06/19 18:50:51.194,197,2.85,62.4,11.3,-17.3,-0.097,0.986,0.01,0.2,35.6,65.62,23.36,993.0,1687168251,sleeping
1858,1937,1937,2023/06/19 18:50:52.194,198,2.85,64.2,10.9,-16.6,-0.098,0.987,0.009,0.2,34.0,65.61,23.4,993.03,1687168252,sleeping
1859,1938,1938,2023/06/19 18:50:53.194,199,2.85,63.5,10.2,-15.1,-0.097,0.987,0.01,0.1,37.1,65.65,23.36,992.95,1687168253,sleeping
1860,1939,1939,2023/06/19 18:50:54.194,200,2.85,63.9,11.6,-17.3,-0.097,0.987,0.011,0.2,33.3,65.62,23.38,992.97,1687168254,sleeping
1861,1940,1940,2023/06/19 18:50:55.194,201,2.85,63.1,9.1,-13.9,-0.098,0.987,0.01,0.0,37.1,65.63,23.4,992.95,1687168255,sleeping
1862,1941,1941,2023/06/19 18:50:56.194,202,2.85,63.1,10.2,-15.1,-0.096,0.987,0.01,0.2,37.4,65.64,23.38,993.0,1687168256,sleeping
1863,1942,1942,2023/06/19 18:50:57.194,203,2.85,63.1,9.1,-15.8,-0.097,0.987,0.01,0.1,35.5,65.65,23.38,992.97,1687168257,sleeping
1864,1943,1943,2023/06/19 18:50:58.194,204,2.85,61.3,10.6,-16.2,-0.098,0.986,0.01,0.0,34.0,65.67,23.38,992.97,1687168258,sleeping
1865,1944,1944,2023/06/19 18:50:59.194,205,2.85,63.5,9.4,-15.8,-0.097,0.986,0.012,0.0,37.5,65.65,23.35,993.0,1687168259,sleeping
1866,1945,1945,2023/06/19 18:51:00.194,206,2.85,62.8,12.4,-15.4,-0.097,0.986,0.01,0.2,37.1,65.63,23.36,992.95,1687168260,sleeping
1867,1946,1946,2023/06/19 18:51:01.194,207,2.85,63.1,10.9,-17.3,-0.098,0.987,0.01,0.1,36.2,65.63,23.36,992.95,1687168261,sleeping
1868,1947,1947,2023/06/19 18:51:02.194,208,2.85,62.0,10.6,-14.3,-0.098,0.987,0.01,0.3,35.8,65.64,23.38,992.95,1687168262,sleeping
1869,1948,1948,2023/06/19 18:51:03.194,209,2.85,62.8,11.6,-17.7,-0.097,0.987,0.01,0.3,34.6,65.7,23.36,993.0,1687168263,sleeping
1870,1949,1949,2023/06/19 18:51:04.194,210,2.85,63.1,11.3,-18.4,-0.097,0.987,0.01,0.1,37.9,65.63,23.4,992.97,1687168264,sleeping
1871,1950,1950,2023/06/19 18:51:05.194,211,2.85,61.3,10.6,-14.7,-0.097,0.987,0.01,0.4,35.8,65.58,23.36,992.95,1687168265,sleeping
1872,1951,1951,2023/06/19 18:51:06.194,212,2.85,60.2,10.6,-15.8,-0.097,0.987,0.011,0.2,38.1,65.57,23.36,992.97,1687168266,sleeping
1873,1952,1952,2023/06/19 18:51:07.194,213,2.85,62.8,9.4,-16.6,-0.097,0.987,0.01,0.1,36.2,65.67,23.35,993.03,1687168267,sleeping
1874,1953,1953,2023/06/19 18:51:08.194,214,2.85,62.8,9.1,-14.3,-0.096,0.987,0.011,0.1,35.4,65.65,23.35,993.0,1687168268,sleeping
1875,1954,1954,2023/06/19 18:51:09.194,215,2.85,61.7,9.8,-16.9,-0.097,0.986,0.01,0.5,34.4,65.69,23.38,992.95,1687168269,sleeping
1876,1955,1955,2023/06/19 18:51:10.194,216,2.85,62.0,9.4,-16.6,-0.097,0.986,0.011,0.0,36.5,65.69,23.4,992.92,1687168270,sleeping
1877,1956,1956,2023/06/19 18:51:11.194,217,2.85,62.0,10.6,-18.1,-0.097,0.986,0.01,0.3,35.6,65.66,23.4,993.0,1687168271,sleeping
1878,1957,1957,2023/06/19 18:51:12.194,218,2.85,62.0,10.2,-13.6,-0.097,0.987,0.01,0.2,35.5,65.6,23.4,992.97,1687168272,sleeping
1879,1958,1958,2023/06/19 18:51:13.194,219,2.85,62.0,9.8,-17.3,-0.097,0.987,0.01,0.0,39.7,65.61,23.36,993.0,1687168273,sleeping
1880,1959,1959,2023/06/19 18:51:14.194,220,2.85,61.7,10.6,-16.6,-0.097,0.987,0.01,0.4,34.6,65.62,23.35,993.0,1687168274,sleeping
1881,1960,1960,2023/06/19 18:51:15.194,221,2.85,61.7,9.1,-18.8,-0.097,0.987,0.01,0.3,37.4,65.68,23.38,992.97,1687168275,sleeping
1882,1961,1961,2023/06/19 18:51:16.194,222,2.85,60.2,10.9,-15.8,-0.097,0.986,0.011,0.2,35.5,65.63,23.36,992.97,1687168276,sleeping
1883,1962,1962,2023/06/19 18:51:17.194,223,2.85,62.4,9.8,-16.2,-0.098,0.987,0.01,0.2,33.8,65.65,23.44,993.0,1687168277,sleeping
1884,1963,1963,2023/06/19 18:51:18.194,224,2.85,62.8,9.8,-17.3,-0.097,0.986,0.011,0.0,36.3,65.58,23.4,992.95,1687168278,sleeping
1885,1964,1964,2023/06/19 18:51:19.194,225,2.85,63.5,11.3,-17.7,-0.097,0.987,0.01,0.1,37.4,65.64,23.38,993.0,1687168279,sleeping
1886,1965,1965,2023/06/19 18:51:20.194,226,2.85,62.0,8.8,-16.2,-0.097,0.986,0.011,0.1,35.1,65.64,23.38,993.0,1687168280,sleeping
1887,1966,1966,2023/06/19 18:51:21.194,227,2.85,64.2,9.8,-16.6,-0.097,0.987,0.01,0.2,37.0,65.57,23.35,993.0,1687168281,sleeping
1888,1967,1967,2023/06/19 18:51:22.194,228,2.85,63.1,9.8,-18.1,-0.096,0.987,0.011,0.2,35.9,65.63,23.45,992.95,1687168282,sleeping
1889,1968,1968,2023/06/19 18:51:23.194,229,2.85,62.0,10.2,-18.1,-0.097,0.987,0.01,0.4,35.0,65.61,23.38,993.0,1687168283,sleeping
1890,1969,1969,2023/06/19 18:51:24.194,230,2.85,62.0,10.6,-15.8,-0.098,0.987,0.01,0.2,37.5,65.6,23.38,992.97,1687168284,sleeping
1891,1970,1970,2023/06/19 18:51:25.194,231,2.85,62.8,10.9,-18.1,-0.098,0.986,0.01,0.6,35.8,65.6,23.35,992.92,1687168285,sleeping
1892,1971,1971,2023/06/19 18:51:26.194,232,2.85,63.1,9.4,-16.2,-0.097,0.986,0.01,0.2,33.2,65.65,23.38,992.95,1687168286,sleeping
1893,1972,1972,2023/06/19 18:51:27.194,233,2.85,63.1,10.6,-13.6,-0.097,0.986,0.011,0.2,36.4,65.64,23.38,992.97,1687168287,sleeping
1894,1973,1973,2023/06/19 18:51:28.194,234,2.85,62.8,11.6,-16.2,-0.097,0.987,0.011,0.0,36.3,65.58,23.35,993.0,1687168288,sleeping
1895,1974,1974,2023/06/19 18:51:29.194,235,2.85,62.4,9.4,-17.3,-0.097,0.986,0.011,0.1,39.1,65.63,23.38,992.97,1687168289,sleeping
1896,1975,1975,2023/06/19 18:51:30.194,236,2.85,60.6,10.6,-17.7,-0.097,0.987,0.011,0.5,35.9,65.65,23.38,993.0,1687168290,sleeping
1897,1976,1976,2023/06/19 18:51:31.194,237,2.85,62.8,9.1,-15.4,-0.098,0.987,0.01,0.5,33.5,65.56,23.36,993.0,1687168291,sleeping
1898,1977,1977,2023/06/19 18:51:32.194,238,2.85,64.6,10.6,-14.7,-0.098,0.986,0.009,0.4,35.5,65.61,23.4,992.89,1687168292,sleeping
1899,1978,1978,2023/06/19 18:51:33.194,239,2.85,62.4,9.4,-15.4,-0.098,0.987,0.01,0.1,36.0,65.61,23.4,992.95,1687168293,sleeping
1900,1979,1979,2023/06/19 18:51:34.194,240,2.85,63.5,9.4,-15.4,-0.097,0.986,0.01,0.2,35.2,65.6,23.4,992.97,1687168294,sleeping
1901,1980,1980,2023/06/19 18:51:35.194,241,2.85,62.0,10.2,-15.8,-0.097,0.986,0.011,0.4,35.9,65.62,23.38,992.95,1687168295,sleeping
1902,1981,1981,2023/06/19 18:51:36.194,242,2.85,62.4,9.1,-19.6,-0.098,0.986,0.011,0.0,38.3,65.61,23.36,992.95,1687168296,sleeping
1903,1982,1982,2023/06/19 18:51:37.194,243,2.85,63.9,10.2,-17.3,-0.097,0.987,0.009,0.1,35.8,65.66,23.36,992.89,1687168297,sleeping
1904,1983,1983,2023/06/19 18:51:38.194,244,2.85,62.8,10.6,-15.1,-0.098,0.987,0.01,0.1,36.7,65.68,23.4,993.0,1687168298,sleeping
1905,1984,1984,2023/06/19 18:51:39.194,245,2.85,62.4,9.4,-15.1,-0.097,0.987,0.01,0.4,33.0,65.61,23.38,992.97,1687168299,sleeping
1906,1985,1985,2023/06/19 18:51:40.194,246,2.85,62.4,11.3,-16.2,-0.097,0.986,0.01,0.6,37.8,65.62,23.36,992.95,1687168300,sleeping
1907,1986,1986,2023/06/19 18:51:41.194,247,2.85,62.8,10.6,-16.6,-0.097,0.986,0.009,0.1,39.2,65.63,23.36,992.97,1687168301,sleeping
1908,1987,1987,2023/06/19 18:51:42.194,248,2.85,63.1,10.2,-13.6,-0.098,0.986,0.011,0.1,35.8,65.65,23.38,993.0,1687168302,sleeping
1909,1988,1988,2023/06/19 18:51:43.194,249,2.85,62.0,9.1,-18.1,-0.097,0.987,0.011,0.0,37.1,65.61,23.36,992.97,1687168303,sleeping
1910,1989,1989,2023/06/19 18:51:44.194,250,2.85,62.8,9.4,-16.9,-0.097,0.986,0.011,0.2,35.9,65.62,23.38,992.95,1687168304,sleeping
1911,1990,1990,2023/06/19 18:51:45.194,251,2.85,63.5,9.4,-15.4,-0.097,0.987,0.011,0.1,35.6,65.63,23.4,992.95,1687168305,sleeping
1912,1991,1991,2023/06/19 18:51:46.194,252,2.85,62.8,10.9,-16.2,-0.097,0.987,0.01,0.1,36.0,65.62,23.38,992.95,1687168306,sleeping
1913,1992,1992,2023/06/19 18:51:47.194,253,2.85,62.4,9.4,-15.1,-0.097,0.987,0.011,0.6,34.0,65.62,23.36,993.0,1687168307,sleeping
1914,1993,1993,2023/06/19 18:51:48.194,254,2.85,62.8,9.8,-15.8,-0.097,0.987,0.01,0.2,36.4,65.62,23.36,992.95,1687168308,sleeping
1915,1994,1994,2023/06/19 18:51:49.194,255,2.85,62.4,9.8,-15.1,-0.097,0.987,0.011,0.7,33.1,65.67,23.38,992.97,1687168309,sleeping
1916,1995,1995,2023/06/19 18:51:50.194,0,2.85,60.9,9.1,-18.1,-0.097,0.987,0.011,0.3,33.6,65.65,23.38,992.95,1687168310,sleeping
1917,1996,1996,2023/06/19 18:51:51.194,1,2.85,63.9,9.4,-16.2,-0.097,0.986,0.01,0.1,34.7,65.61,23.4,993.0,1687168311,sleeping
1918,1997,1997,2023/06/19 18:51:52.194,2,2.85,63.1,10.2,-17.3,-0.097,0.986,0.01,0.1,37.4,65.6,23.35,992.95,1687168312,sleeping
1919,1998,1998,2023/06/19 18:51:53.194,3,2.85,62.0,10.6,-16.6,-0.097,0.987,0.011,0.1,36.8,65.61,23.4,993.03,1687168313,sleeping
1920,1999,1999,2023/06/19 18:51:54.194,4,2.85,63.1,9.4,-19.6,-0.097,0.987,0.01,0.1,35.2,65.61,23.36,993.0,1687168314,sleeping
1921,2000,2000,2023/06/19 18:51:55.194,5,2.85,63.1,9.8,-18.4,-0.097,0.987,0.011,0.2,38.2,65.63,23.36,992.92,1687168315,sleeping
1922,2001,2001,2023/06/19 18:51:56.194,6,2.85,63.1,9.8,-12.4,-0.097,0.987,0.01,0.5,35.5,65.59,23.36,993.0,1687168316,sleeping
1923,2002,2002,2023/06/19 18:51:57.194,7,2.85,60.9,11.3,-18.8,-0.097,0.987,0.011,0.1,36.2,65.58,23.36,993.0,1687168317,sleeping
1924,2003,2003,2023/06/19 18:51:58.194,8,2.85,61.7,8.0,-16.2,-0.097,0.986,0.01,0.5,34.0,65.61,23.36,992.95,1687168318,sleeping
1925,2004,2004,2023/06/19 18:51:59.194,9,2.85,64.2,9.8,-15.8,-0.098,0.986,0.011,0.5,35.5,65.59,23.4,993.0,1687168319,sleeping
1926,2005,2005,2023/06/19 18:52:00.194,10,2.85,61.7,10.6,-16.2,-0.097,0.987,0.011,0.3,36.9,65.6,23.36,993.0,1687168320,sleeping
1927,2006,2006,2023/06/19 18:52:01.194,11,2.85,63.1,10.9,-16.6,-0.097,0.986,0.01,0.0,37.8,65.66,23.38,993.0,1687168321,sleeping
1928,2007,2007,2023/06/19 18:52:02.194,12,2.85,63.9,9.1,-16.9,-0.097,0.986,0.01,0.8,34.0,65.62,23.4,992.97,1687168322,sleeping
1929,2008,2008,2023/06/19 18:52:03.194,13,2.85,62.8,9.8,-16.6,-0.097,0.987,0.011,0.1,36.9,65.58,23.38,992.97,1687168323,sleeping
1930,2009,2009,2023/06/19 18:52:04.194,14,2.85,62.8,9.1,-13.6,-0.097,0.986,0.01,0.3,34.8,65.65,23.38,992.97,1687168324,sleeping
1931,2010,2010,2023/06/19 18:52:05.194,15,2.85,63.1,11.6,-15.8,-0.097,0.987,0.01,0.1,36.3,65.66,23.42,992.89,1687168325,sleeping
1932,2011,2011,2023/06/19 18:52:06.194,16,2.85,63.1,10.9,-15.4,-0.098,0.987,0.009,0.1,34.7,65.61,23.36,992.95,1687168326,sleeping
1933,2012,2012,2023/06/19 18:52:07.194,17,2.85,64.2,10.9,-19.6,-0.097,0.987,0.01,0.1,37.2,65.61,23.38,992.97,1687168327,sleeping
1934,2013,2013,2023/06/19 18:52:08.194,18,2.85,62.8,10.2,-17.3,-0.097,0.986,0.01,0.4,34.8,65.61,23.38,993.0,1687168328,sleeping
1935,2014,2014,2023/06/19 18:52:09.194,19,2.85,63.1,9.8,-16.9,-0.098,0.987,0.01,0.3,35.0,65.61,23.4,992.92,1687168329,sleeping
1936,2015,2015,2023/06/19 18:52:10.194,20,2.85,62.8,10.2,-18.4,-0.098,0.986,0.01,0.2,35.5,65.62,23.35,992.95,1687168330,sleeping
1937,2016,2016,2023/06/19 18:52:11.194,21,2.85,62.8,10.2,-15.8,-0.097,0.987,0.01,0.1,36.7,65.62,23.35,992.92,1687168331,sleeping
1938,2017,2017,2023/06/19 18:52:12.194,22,2.85,62.8,10.9,-15.8,-0.098,0.987,0.011,0.1,34.0,65.61,23.36,992.92,1687168332,sleeping
1939,2018,2018,2023/06/19 18:52:13.194,23,2.85,64.2,10.2,-15.4,-0.098,0.987,0.011,0.5,36.4,65.65,23.38,993.0,1687168333,sleeping
1940,2019,2019,2023/06/19 18:52:14.194,24,2.85,62.4,10.2,-16.6,-0.097,0.987,0.01,0.0,35.9,65.6,23.38,992.95,1687168334,sleeping
1941,2020,2020,2023/06/19 18:52:15.194,25,2.85,62.8,10.2,-17.7,-0.097,0.987,0.01,0.1,33.5,65.61,23.36,993.03,1687168335,sleeping
1942,2021,2021,2023/06/19 18:52:16.194,26,2.85,63.1,9.8,-14.3,-0.098,0.987,0.01,0.1,34.3,65.56,23.35,993.03,1687168336,sleeping
1943,2022,2022,2023/06/19 18:52:17.194,27,2.85,62.8,10.9,-18.1,-0.097,0.987,0.01,0.1,33.5,65.58,23.38,993.03,1687168337,sleeping
1944,2023,2023,2023/06/19 18:52:18.194,28,2.85,61.3,9.8,-15.8,-0.097,0.987,0.01,0.3,37.0,65.61,23.38,992.97,1687168338,sleeping
1945,2024,2024,2023/06/19 18:52:19.194,29,2.85,61.7,9.8,-13.6,-0.098,0.986,0.011,0.6,35.5,65.59,23.36,992.97,1687168339,sleeping
1946,2025,2025,2023/06/19 18:52:20.194,30,2.85,62.8,10.6,-16.9,-0.098,0.987,0.01,0.2,36.6,65.64,23.4,992.97,1687168340,sleeping
1947,2026,2026,2023/06/19 18:52:21.194,31,2.85,61.7,10.9,-14.7,-0.097,0.987,0.011,0.2,33.9,65.67,23.35,992.92,1687168341,sleeping
1948,2027,2027,2023/06/19 18:52:22.194,32,2.85,60.6,11.6,-18.8,-0.097,0.987,0.011,0.4,33.4,65.62,23.35,992.95,1687168342,sleeping
1949,2028,2028,2023/06/19 18:52:23.194,33,2.85,63.9,10.9,-16.9,-0.097,0.987,0.01,0.1,34.8,65.62,23.35,993.03,1687168343,sleeping
1950,2029,2029,2023/06/19 18:52:24.194,34,2.85,61.7,9.4,-14.7,-0.097,0.987,0.01,0.1,36.5,65.61,23.35,993.0,1687168344,sleeping
1951,2030,2030,2023/06/19 18:52:25.194,35,2.85,62.8,10.9,-15.1,-0.098,0.986,0.011,0.3,39.9,65.62,23.36,992.97,1687168345,sleeping
1952,2031,2031,2023/06/19 18:52:26.194,36,2.85,62.0,10.2,-17.7,-0.096,0.986,0.011,0.0,37.4,65.58,23.4,993.0,1687168346,sleeping
1953,2032,2032,2023/06/19 18:52:27.194,37,2.85,64.2,9.4,-18.1,-0.098,0.987,0.011,0.1,35.8,65.66,23.38,992.97,1687168347,sleeping
1954,2033,2033,2023/06/19 18:52:28.194,38,2.85,63.9,9.4,-16.6,-0.097,0.986,0.01,0.6,35.5,65.61,23.36,992.92,1687168348,sleeping
1955,2034,2034,2023/06/19 18:52:29.194,39,2.85,61.7,10.9,-18.1,-0.097,0.986,0.01,0.2,35.8,65.61,23.35,992.92,1687168349,sleeping
1956,2035,2035,2023/06/19 18:52:30.194,40,2.85,62.4,10.2,-15.8,-0.097,0.987,0.011,0.1,36.4,65.57,23.36,993.03,1687168350,sleeping
1957,2036,2036,2023/06/19 18:52:31.194,41,2.85,61.7,10.9,-16.2,-0.097,0.987,0.011,0.5,34.0,65.56,23.35,993.0,1687168351,sleeping
1958,2037,2037,2023/06/19 18:52:32.194,42,2.85,63.1,10.2,-16.2,-0.096,0.987,0.01,0.1,38.6,65.64,23.36,992.95,1687168352,sleeping
1959,2038,2038,2023/06/19 18:52:33.194,43,2.85,61.7,9.4,-19.2,-0.097,0.986,0.011,0.4,33.2,65.56,23.33,992.95,1687168353,sleeping
1960,2039,2039,2023/06/19 18:52:34.194,44,2.85,62.8,10.2,-17.7,-0.097,0.987,0.012,0.1,35.4,65.55,23.35,992.89,1687168354,sleeping
1961,2040,2040,2023/06/19 18:52:35.194,45,2.85,63.9,10.2,-16.6,-0.098,0.986,0.01,0.0,34.0,65.57,23.35,992.94,1687168355,sleeping
1962,2041,2041,2023/06/19 18:52:36.194,46,2.85,63.9,10.2,-15.8,-0.098,0.987,0.01,0.2,34.0,65.64,23.4,992.92,1687168356,sleeping
1963,2042,2042,2023/06/19 18:52:37.194,47,2.85,62.0,9.8,-16.9,-0.097,0.986,0.011,0.4,34.1,65.56,23.36,992.97,1687168357,sleeping
1964,2043,2043,2023/06/19 18:52:38.194,48,2.85,63.5,9.8,-17.7,-0.097,0.987,0.011,0.6,37.1,65.54,23.35,992.94,1687168358,sleeping
1965,2044,2044,2023/06/19 18:52:39.194,49,2.85,61.3,9.8,-18.4,-0.097,0.987,0.01,0.1,31.5,65.58,23.31,992.92,1687168359,sleeping
1966,2045,2045,2023/06/19 18:52:40.194,50,2.85,62.0,9.8,-15.4,-0.097,0.986,0.01,0.8,34.5,65.59,23.35,992.94,1687168360,sleeping
1967,2046,2046,2023/06/19 18:52:41.194,51,2.85,62.4,11.3,-16.9,-0.097,0.987,0.011,0.2,35.4,65.61,23.33,992.97,1687168361,sleeping
1968,2047,2047,2023/06/19 18:52:42.194,52,2.85,63.9,10.6,-16.6,-0.098,0.986,0.011,0.1,33.6,65.64,23.35,993.05,1687168362,sleeping
1969,2048,2048,2023/06/19 18:52:43.194,53,2.85,62.8,12.4,-17.3,-0.097,0.987,0.011,0.0,37.6,65.6,23.35,992.97,1687168363,sleeping
1970,2049,2049,2023/06/19 18:52:44.194,54,2.85,63.5,9.8,-17.3,-0.097,0.987,0.01,0.7,34.7,65.58,23.31,992.94,1687168364,sleeping
1971,2050,2050,2023/06/19 18:52:45.194,55,2.85,63.1,10.6,-18.8,-0.097,0.986,0.011,0.3,37.2,65.63,23.33,992.97,1687168365,sleeping
1972,2051,2051,2023/06/19 18:52:46.194,56,2.85,61.3,11.3,-18.8,-0.097,0.986,0.01,0.4,37.5,65.58,23.36,992.97,1687168366,sleeping
1973,2052,2052,2023/06/19 18:52:47.194,57,2.85,60.9,9.8,-17.3,-0.097,0.986,0.01,0.1,36.4,65.63,23.33,992.94,1687168367,sleeping
1974,2053,2053,2023/06/19 18:52:48.194,58,2.85,63.5,10.6,-16.6,-0.097,0.986,0.011,0.3,35.5,65.56,23.33,993.0,1687168368,sleeping
1975,2054,2054,2023/06/19 18:52:49.194,59,2.85,62.4,11.3,-17.3,-0.097,0.986,0.01,0.8,35.8,65.59,23.33,993.0,1687168369,sleeping
1976,2055,2055,2023/06/19 18:52:50.194,60,2.85,62.8,11.6,-18.1,-0.097,0.986,0.011,0.4,38.9,65.61,23.35,992.97,1687168370,sleeping
1977,2056,2056,2023/06/19 18:52:51.194,61,2.85,62.0,9.4,-14.3,-0.096,0.987,0.011,0.1,37.2,65.59,23.33,993.0,1687168371,sleeping
1978,2057,2057,2023/06/19 18:52:52.194,62,2.85,62.4,10.9,-16.2,-0.097,0.986,0.01,0.0,34.3,65.54,23.31,993.0,1687168372,sleeping
1979,2058,2058,2023/06/19 18:52:53.194,63,2.85,63.5,9.1,-14.7,-0.097,0.987,0.011,0.1,35.5,65.56,23.33,992.92,1687168373,sleeping
1980,2059,2059,2023/06/19 18:52:54.194,64,2.85,63.9,9.8,-15.8,-0.097,0.986,0.011,0.1,34.8,65.59,23.35,993.0,1687168374,sleeping
1981,2060,2060,2023/06/19 18:52:55.194,65,2.85,61.7,10.2,-15.8,-0.097,0.986,0.01,0.6,33.5,65.58,23.35,992.97,1687168375,sleeping
1982,2061,2061,2023/06/19 18:52:56.194,66,2.85,62.8,10.2,-16.6,-0.098,0.987,0.011,0.2,36.9,65.64,23.33,992.97,1687168376,sleeping
1983,2062,2062,2023/06/19 18:52:57.194,67,2.85,61.7,11.3,-16.6,-0.097,0.987,0.01,0.1,37.1,65.62,23.33,992.94,1687168377,sleeping
1984,2063,2063,2023/06/19 18:52:58.194,68,2.85,62.4,9.1,-16.2,-0.097,0.986,0.01,0.1,35.3,65.66,23.33,992.94,1687168378,sleeping
1985,2064,2064,2023/06/19 18:52:59.194,69,2.85,62.4,10.9,-15.4,-0.097,0.987,0.01,0.2,36.4,65.58,23.31,992.89,1687168379,sleeping
1986,2065,2065,2023/06/19 18:53:00.194,70,2.85,64.2,10.9,-15.4,-0.097,0.986,0.011,0.3,38.6,65.6,23.33,992.92,1687168380,sleeping
1987,2066,2066,2023/06/19 18:53:01.194,71,2.85,64.6,10.6,-16.2,-0.097,0.986,0.011,0.1,34.8,65.6,23.33,992.89,1687168381,sleeping
1988,2067,2067,2023/06/19 18:53:02.194,72,2.85,63.1,9.1,-15.4,-0.097,0.986,0.01,0.1,36.0,65.57,23.35,992.97,1687168382,sleeping
1989,2068,2068,2023/06/19 18:53:03.194,73,2.85,63.5,10.2,-19.2,-0.097,0.987,0.01,0.1,35.1,65.62,23.35,992.94,1687168383,sleeping
1990,2069,2069,2023/06/19 18:53:04.194,74,2.85,61.3,10.2,-15.8,-0.097,0.986,0.009,0.1,35.8,65.61,23.33,992.92,1687168384,sleeping
1991,2070,2070,2023/06/19 18:53:05.194,75,2.85,63.1,9.1,-15.4,-0.097,0.986,0.011,0.1,37.6,65.63,23.29,992.94,1687168385,sleeping
1992,2071,2071,2023/06/19 18:53:06.194,76,2.85,62.0,10.6,-17.3,-0.098,0.987,0.01,0.0,34.4,65.56,23.35,992.97,1687168386,sleeping
1993,2072,2072,2023/06/19 18:53:07.194,77,2.85,62.8,10.6,-16.6,-0.098,0.986,0.011,0.2,37.1,65.57,23.33,992.89,1687168387,sleeping
1994,2073,2073,2023/06/19 18:53:08.194,78,2.85,62.4,9.4,-15.1,-0.097,0.986,0.011,0.5,33.2,65.62,23.35,992.97,1687168388,sleeping
1995,2074,2074,2023/06/19 18:53:09.194,79,2.85,61.7,11.6,-13.9,-0.098,0.986,0.01,0.4,37.1,65.64,23.29,993.03,1687168389,sleeping
1996,2075,2075,2023/06/19 18:53:10.194,80,2.85,63.9,10.6,-17.3,-0.097,0.987,0.011,0.3,37.8,65.63,23.31,992.92,1687168390,sleeping
1997,2076,2076,2023/06/19 18:53:11.194,81,2.85,62.4,10.2,-18.4,-0.096,0.987,0.01,0.1,33.4,65.64,23.29,992.94,1687168391,sleeping
1998,2077,2077,2023/06/19 18:53:12.194,82,2.85,63.1,9.1,-18.8,-0.097,0.987,0.011,0.9,35.0,65.59,23.31,992.92,1687168392,sleeping
1999,2078,2078,2023/06/19 18:53:13.194,83,2.85,62.0,12.0,-16.9,-0.096,0.986,0.01,0.2,37.1,65.67,23.31,992.97,1687168393,sleeping
2000,2079,2079,2023/06/19 18:53:14.194,84,2.85,63.5,10.9,-15.8,-0.097,0.987,0.01,0.3,35.5,65.65,23.33,992.97,1687168394,sleeping
2001,2080,2080,2023/06/19 18:53:15.194,85,2.85,63.5,10.9,-15.4,-0.097,0.986,0.01,0.1,34.1,65.57,23.31,992.92,1687168395,sleeping
2002,2081,2081,2023/06/19 18:53:16.194,86,2.85,62.4,11.3,-14.7,-0.097,0.986,0.01,0.1,35.8,65.64,23.29,992.92,1687168396,sleeping
2003,2082,2082,2023/06/19 18:53:17.194,87,2.85,62.8,11.6,-19.6,-0.097,0.987,0.01,0.2,34.0,65.6,23.29,993.05,1687168397,sleeping
2004,2083,2083,2023/06/19 18:53:18.194,88,2.85,61.3,9.8,-14.7,-0.098,0.986,0.01,0.1,35.4,65.66,23.29,993.0,1687168398,sleeping
2005,2084,2084,2023/06/19 18:53:19.194,89,2.85,62.8,12.0,-17.3,-0.097,0.986,0.01,0.4,35.2,65.57,23.35,992.94,1687168399,sleeping
2006,2085,2085,2023/06/19 18:53:20.194,90,2.85,62.4,8.8,-13.9,-0.097,0.986,0.01,0.3,35.8,65.61,23.31,993.0,1687168400,sleeping
2007,2086,2086,2023/06/19 18:53:21.194,91,2.85,61.3,10.6,-18.1,-0.097,0.987,0.011,0.0,34.8,65.61,23.33,992.97,1687168401,sleeping
2008,2087,2087,2023/06/19 18:53:22.194,92,2.85,62.4,10.9,-15.4,-0.097,0.987,0.011,0.2,35.5,65.59,23.36,993.0,1687168402,sleeping
2009,2088,2088,2023/06/19 18:53:23.194,93,2.85,63.9,10.9,-17.3,-0.097,0.987,0.009,0.1,38.7,65.66,23.31,992.97,1687168403,sleeping
2010,2089,2089,2023/06/19 18:53:24.194,94,2.85,62.0,11.6,-15.8,-0.098,0.986,0.009,0.5,30.5,65.57,23.29,992.94,1687168404,other
2011,2090,2090,2023/06/19 18:53:25.194,95,2.85,63.9,8.4,-18.4,-0.098,0.986,0.01,0.1,34.9,65.55,23.29,992.86,1687168405,other
2012,2091,2091,2023/06/19 18:53:26.194,96,2.85,62.0,9.1,-16.9,-0.098,0.987,0.01,0.3,35.4,65.66,23.33,992.94,1687168406,other
2013,2092,2092,2023/06/19 18:53:27.194,97,2.85,62.8,9.8,-15.1,-0.097,0.987,0.01,0.2,33.8,65.6,23.29,992.97,1687168407,other
2014,2093,2093,2023/06/19 18:53:28.194,98,2.85,63.1,10.9,-16.6,-0.097,0.987,0.01,0.4,37.3,65.63,23.33,993.0,1687168408,other
2015,2094,2094,2023/06/19 18:53:29.194,99,2.85,60.9,8.8,-16.9,-0.098,0.987,0.01,0.1,33.4,65.57,23.33,993.05,1687168409,other
2016,2095,2095,2023/06/19 18:53:30.194,100,2.85,64.2,11.3,-16.6,-0.098,0.986,0.011,0.4,35.8,65.58,23.31,992.97,1687168410,other
2017,2096,2096,2023/06/19 18:53:31.194,101,2.85,62.0,10.6,-15.4,-0.098,0.986,0.01,0.1,32.3,65.65,23.33,992.97,1687168411,other
2018,2097,2097,2023/06/19 18:53:32.194,102,2.85,63.1,9.4,-15.1,-0.096,0.987,0.011,0.3,34.2,65.56,23.31,992.97,1687168412,other
2019,2098,2098,2023/06/19 18:53:33.194,103,2.85,61.7,9.4,-17.3,-0.097,0.986,0.01,0.2,33.0,65.61,23.31,992.92,1687168413,other
2020,2099,2099,2023/06/19 18:53:34.194,104,2.85,62.4,9.4,-17.7,-0.098,0.986,0.009,0.2,32.6,65.58,23.33,992.97,1687168414,other
2021,2100,2100,2023/06/19 18:53:35.194,105,2.85,61.7,10.9,-17.3,-0.098,0.987,0.011,0.2,31.2,65.62,23.35,992.94,1687168415,other
2022,2101,2101,2023/06/19 18:53:36.194,106,2.85,62.8,10.2,-18.8,-0.098,0.986,0.01,0.2,34.8,65.61,23.33,993.05,1687168416,other
2023,2102,2102,2023/06/19 18:53:37.194,107,2.85,63.5,10.2,-15.8,-0.098,0.986,0.01,0.5,35.1,65.63,23.33,993.05,1687168417,other
